date,time,reservoir_storage
2005-01-07,0,110039.0
2005-01-08,0,113698.0
2005-01-09,0,141996.0
2005-01-10,0,190171.0
2005-01-11,0,192573.0
2005-01-12,0,193160.0
2005-01-13,0,194523.0
2005-01-14,0,197649.0
2005-01-15,0,196365.0
2005-01-16,0,193253.0
2005-01-17,0,192449.0
2005-01-18,0,192635.0
2005-01-19,0,192665.0
2005-01-20,0,192789.0
2005-01-21,0,193005.0
2005-01-23,0,192882.0
2005-01-24,0,190477.0
2005-01-25,0,188122.0
2005-01-26,0,188000.0
2005-01-27,0,188091.0
2005-01-28,0,188091.0
2005-01-29,0,188030.0
2005-01-30,0,188489.0
2005-02-01,0,189345.0
2005-02-02,0,189804.0
2005-02-03,0,190263.0
2005-02-04,0,190691.0
2005-02-06,0,191553.0
2005-02-07,0,191985.0
2005-02-08,0,192418.0
2005-02-09,0,192573.0
2005-02-10,0,192665.0
2005-02-11,0,192851.0
2005-02-12,0,193036.0
2005-02-13,0,193160.0
2005-02-14,0,193315.0
2005-02-16,0,191522.0
2005-02-17,0,191584.0
2005-02-18,0,192140.0
2005-02-19,0,192820.0
2005-02-20,0,187788.0
2005-02-21,0,189712.0
2005-02-22,0,192882.0
2005-02-23,0,189070.0
2005-02-24,0,188152.0
2005-02-25,0,188642.0
2005-02-26,0,187697.0
2005-02-27,0,187274.0
2005-02-28,0,188397.0
2005-03-01,0,189529.0
2005-03-02,0,190110.0
2005-03-03,0,190110.0
2005-03-04,0,190263.0
2005-03-05,0,190508.0
2005-03-06,0,190508.0
2005-03-07,0,191120.0
2005-03-08,0,191707.0
2005-03-09,0,192171.0
2005-03-10,0,192573.0
2005-03-11,0,192882.0
2005-03-12,0,193191.0
2005-03-13,0,193315.0
2005-03-14,0,193500.0
2005-03-15,0,193685.0
2005-03-17,0,193840.0
2005-03-18,0,191398.0
2005-03-19,0,189131.0
2005-03-20,0,187909.0
2005-03-21,0,187909.0
2005-03-22,0,187909.0
2005-03-23,0,190508.0
2005-03-24,0,192511.0
2005-03-25,0,192325.0
2005-03-26,0,192511.0
2005-03-28,0,192944.0
2005-03-29,0,193067.0
2005-03-30,0,193160.0
2005-03-31,0,193222.0
2005-04-01,0,193160.0
2005-04-02,0,193129.0
2005-04-03,0,193098.0
2005-04-04,0,193067.0
2005-04-06,0,193036.0
2005-04-07,0,192975.0
2005-04-08,0,192820.0
2005-04-09,0,192758.0
2005-04-10,0,192696.0
2005-04-11,0,192820.0
2005-04-12,0,193067.0
2005-04-13,0,193315.0
2005-04-14,0,193562.0
2005-04-15,0,193902.0
2005-04-16,0,194180.0
2005-04-17,0,194461.0
2005-04-18,0,194711.0
2005-04-19,0,194929.0
2005-04-20,0,195117.0
2005-04-21,0,195366.0
2005-04-22,0,195554.0
2005-04-23,0,195585.0
2005-04-24,0,195585.0
2005-04-25,0,195616.0
2005-04-26,0,195616.0
2005-04-27,0,195647.0
2005-04-29,0,195928.0
2005-04-30,0,195960.0
2005-05-01,0,195928.0
2005-05-02,0,195928.0
2005-05-03,0,195835.0
2005-05-04,0,195772.0
2005-05-05,0,195679.0
2005-05-06,0,195803.0
2005-05-07,0,195928.0
2005-05-08,0,195960.0
2005-05-09,0,195991.0
2005-05-10,0,195866.0
2005-05-11,0,195803.0
2005-05-12,0,195679.0
2005-05-15,0,195304.0
2005-05-16,0,195148.0
2005-05-17,0,195023.0
2005-05-18,0,194961.0
2005-05-19,0,194929.0
2005-05-20,0,194961.0
2005-05-24,0,195085.0
2005-05-25,0,195117.0
2005-05-26,0,195117.0
2005-05-27,0,195148.0
2005-05-28,0,195148.0
2005-05-29,0,195148.0
2005-05-30,0,195179.0
2005-05-31,0,195179.0
2005-06-01,0,195148.0
2005-06-02,0,195148.0
2005-06-03,0,195148.0
2005-06-04,0,195117.0
2005-06-05,0,195117.0
2005-06-06,0,195117.0
2005-06-07,0,195085.0
2005-06-08,0,195023.0
2005-06-09,0,194961.0
2005-06-10,0,194898.0
2005-06-11,0,194867.0
2005-06-12,0,194804.0
2005-06-13,0,194773.0
2005-06-14,0,194711.0
2005-06-15,0,194648.0
2005-06-16,0,194617.0
2005-06-17,0,194555.0
2005-06-18,0,194492.0
2005-06-19,0,194430.0
2005-06-20,0,194367.0
2005-06-21,0,194274.0
2005-06-22,0,194211.0
2005-06-23,0,194087.0
2005-06-24,0,193995.0
2005-06-25,0,193871.0
2005-06-26,0,193747.0
2005-06-27,0,193624.0
2005-06-28,0,193500.0
2005-06-29,0,193376.0
2005-06-30,0,193253.0
2005-07-01,0,193098.0
2005-07-02,0,193005.0
2005-07-03,0,192882.0
2005-07-04,0,192758.0
2005-07-05,0,192665.0
2005-07-06,0,192573.0
2005-07-07,0,192418.0
2005-07-08,0,192294.0
2005-07-09,0,192171.0
2005-07-10,0,192016.0
2005-07-11,0,191862.0
2005-07-12,0,191738.0
2005-07-13,0,191614.0
2005-07-14,0,191491.0
2005-07-15,0,191367.0
2005-07-16,0,191213.0
2005-07-17,0,191089.0
2005-07-18,0,190936.0
2005-07-19,0,190814.0
2005-07-20,0,190661.0
2005-07-21,0,190508.0
2005-07-22,0,190324.0
2005-07-23,0,190171.0
2005-07-24,0,190018.0
2005-07-25,0,189865.0
2005-07-26,0,189682.0
2005-07-27,0,189560.0
2005-07-28,0,189376.0
2005-07-29,0,189223.0
2005-07-30,0,189039.0
2005-07-31,0,188887.0
2005-08-01,0,188734.0
2005-08-02,0,188550.0
2005-08-03,0,188397.0
2005-08-04,0,188244.0
2005-08-05,0,188091.0
2005-08-06,0,187909.0
2005-08-07,0,187758.0
2005-08-08,0,187577.0
2005-08-10,0,187274.0
2005-08-11,0,187093.0
2005-08-12,0,186911.0
2005-08-15,0,186458.0
2005-08-16,0,186307.0
2005-08-17,0,186186.0
2005-08-18,0,186035.0
2005-08-19,0,185914.0
2005-08-20,0,185763.0
2005-08-21,0,185642.0
2005-08-22,0,185521.0
2005-08-23,0,185370.0
2005-08-24,0,185249.0
2005-08-25,0,185067.0
2005-08-26,0,184947.0
2005-08-27,0,184798.0
2005-08-28,0,184649.0
2005-08-29,0,184530.0
2005-08-30,0,184351.0
2005-08-31,0,184202.0
2005-09-01,0,184083.0
2005-09-02,0,183933.0
2005-09-03,0,183755.0
2005-09-04,0,183605.0
2005-09-05,0,183456.0
2005-09-07,0,183188.0
2005-09-08,0,183039.0
2005-09-09,0,182920.0
2005-09-10,0,182741.0
2005-09-11,0,182592.0
2005-09-12,0,182442.0
2005-09-13,0,182323.0
2005-09-14,0,182144.0
2005-09-15,0,181966.0
2005-09-16,0,181819.0
2005-09-17,0,181672.0
2005-09-18,0,181525.0
2005-09-19,0,181408.0
2005-09-21,0,181143.0
2005-09-22,0,181026.0
2005-09-23,0,180879.0
2005-09-24,0,180702.0
2005-09-25,0,180585.0
2005-09-26,0,180467.0
2005-09-27,0,180379.0
2005-09-28,0,180262.0
2005-09-29,0,180173.0
2005-09-30,0,179997.0
2005-10-01,0,179850.0
2005-10-02,0,179674.0
2005-10-03,0,179556.0
2005-10-04,0,179380.0
2005-10-05,0,179233.0
2005-10-06,0,179115.0
2005-10-07,0,178941.0
2005-10-08,0,178796.0
2005-10-09,0,178623.0
2005-10-10,0,178507.0
2005-10-11,0,178391.0
2005-10-12,0,178217.0
2005-10-13,0,178101.0
2005-10-14,0,177957.0
2005-10-15,0,177812.0
2005-10-16,0,177638.0
2005-10-17,0,177551.0
2005-10-18,0,177551.0
2005-10-19,0,177464.0
2005-10-20,0,177377.0
2005-10-21,0,177319.0
2005-10-22,0,177233.0
2005-10-23,0,177175.0
2005-10-24,0,177117.0
2005-10-25,0,177030.0
2005-10-26,0,176972.0
2005-10-27,0,176885.0
2005-11-01,0,176509.0
2005-11-02,0,176364.0
2005-11-03,0,176248.0
2005-11-04,0,176133.0
2005-11-05,0,175990.0
2005-11-06,0,175905.0
2005-11-07,0,175819.0
2005-11-08,0,175790.0
2005-11-09,0,175876.0
2005-11-10,0,175990.0
2005-11-11,0,175962.0
2005-11-12,0,175905.0
2005-11-13,0,175848.0
2005-11-14,0,175819.0
2005-11-15,0,175790.0
2005-11-16,0,175762.0
2005-11-17,0,175705.0
2005-11-18,0,175619.0
2005-11-19,0,175505.0
2005-11-20,0,175448.0
2005-11-21,0,175362.0
2005-11-22,0,175277.0
2005-11-23,0,175134.0
2005-11-24,0,175020.0
2005-11-25,0,174991.0
2005-11-26,0,174877.0
2005-11-27,0,174820.0
2005-11-28,0,174706.0
2005-11-29,0,174620.0
2005-11-30,0,174620.0
2005-12-01,0,174592.0
2005-12-02,0,174649.0
2005-12-03,0,174592.0
2005-12-04,0,174506.0
2005-12-05,0,174421.0
2005-12-06,0,174306.0
2005-12-07,0,174249.0
2005-12-08,0,174164.0
2005-12-09,0,174078.0
2005-12-10,0,174021.0
2005-12-11,0,173964.0
2005-12-12,0,173850.0
2005-12-13,0,173793.0
2005-12-14,0,173736.0
2005-12-15,0,173650.0
2005-12-16,0,173564.0
2005-12-17,0,173536.0
2005-12-18,0,173507.0
2005-12-19,0,173422.0
2005-12-20,0,173365.0
2005-12-21,0,173224.0
2005-12-22,0,173196.0
2005-12-23,0,173167.0
2005-12-24,0,173111.0
2005-12-25,0,173083.0
2005-12-27,0,172971.0
2005-12-28,0,172915.0
2005-12-29,0,172858.0
2005-12-30,0,172830.0
2005-12-31,0,172830.0
2006-01-02,0,174620.0
2006-01-03,0,178014.0
2006-01-04,0,178970.0
2006-01-05,0,179409.0
2006-01-06,0,179556.0
2006-01-07,0,179644.0
2006-01-08,0,179733.0
2006-01-09,0,179762.0
2006-01-10,0,179821.0
2006-01-11,0,179821.0
2006-01-12,0,179850.0
2006-01-13,0,179909.0
2006-01-14,0,179909.0
2006-01-15,0,179909.0
2006-01-16,0,179997.0
2006-01-17,0,180026.0
2006-01-18,0,180085.0
2006-01-19,0,180026.0
2006-01-20,0,180085.0
2006-01-21,0,180115.0
2006-01-22,0,180115.0
2006-01-23,0,180115.0
2006-01-24,0,180115.0
2006-01-25,0,180115.0
2006-01-26,0,180144.0
2006-01-27,0,180085.0
2006-01-28,0,180056.0
2006-01-29,0,180026.0
2006-01-30,0,179997.0
2006-02-01,0,179880.0
2006-02-02,0,179850.0
2006-02-03,0,179762.0
2006-02-04,0,179733.0
2006-02-05,0,179674.0
2006-02-06,0,179644.0
2006-02-07,0,179586.0
2006-02-08,0,179556.0
2006-02-09,0,179468.0
2006-02-10,0,179380.0
2006-02-11,0,179292.0
2006-02-12,0,179204.0
2006-02-13,0,179145.0
2006-02-14,0,179115.0
2006-02-15,0,179028.0
2006-02-16,0,178970.0
2006-02-17,0,178941.0
2006-02-18,0,178970.0
2006-02-19,0,178999.0
2006-02-20,0,178970.0
2006-02-21,0,178941.0
2006-02-22,0,178883.0
2006-02-23,0,178912.0
2006-02-24,0,178883.0
2006-02-25,0,178825.0
2006-02-26,0,178796.0
2006-02-27,0,178796.0
2006-03-01,0,182800.0
2006-03-02,0,183248.0
2006-03-03,0,183665.0
2006-03-04,0,184112.0
2006-03-05,0,184440.0
2006-03-06,0,184739.0
2006-03-07,0,185067.0
2006-03-08,0,185430.0
2006-03-09,0,185672.0
2006-03-10,0,185914.0
2006-03-11,0,186186.0
2006-03-12,0,186398.0
2006-03-13,0,186639.0
2006-03-15,0,186942.0
2006-03-16,0,187123.0
2006-03-17,0,187244.0
2006-03-18,0,187456.0
2006-03-19,0,187667.0
2006-03-20,0,187818.0
2006-03-21,0,187970.0
2006-03-22,0,188122.0
2006-03-23,0,188275.0
2006-03-24,0,188366.0
2006-03-25,0,188489.0
2006-03-26,0,188611.0
2006-03-27,0,188734.0
2006-03-28,0,189101.0
2006-03-29,0,190600.0
2006-03-31,0,192511.0
2006-04-01,0,192913.0
2006-04-02,0,193345.0
2006-04-03,0,193902.0
2006-04-04,0,195772.0
2006-04-05,0,193531.0
2006-04-06,0,187818.0
2006-04-07,0,188581.0
2006-04-08,0,188122.0
2006-04-10,0,185733.0
2006-04-11,0,185793.0
2006-04-12,0,186821.0
2006-04-13,0,187697.0
2006-04-14,0,188642.0
2006-04-15,0,189774.0
2006-04-16,0,190905.0
2006-04-17,0,191676.0
2006-04-18,0,192449.0
2006-04-19,0,193098.0
2006-04-20,0,193747.0
2006-04-21,0,194367.0
2006-04-22,0,194929.0
2006-04-23,0,195522.0
2006-04-24,0,196053.0
2006-04-25,0,196459.0
2006-04-26,0,196959.0
2006-04-27,0,197052.0
2006-04-28,0,197083.0
2006-04-29,0,197146.0
2006-04-30,0,197177.0
2006-05-01,0,197208.0
2006-05-02,0,197208.0
2006-05-03,0,197208.0
2006-05-04,0,197240.0
2006-05-05,0,197240.0
2006-05-06,0,197271.0
2006-05-07,0,197302.0
2006-05-08,0,197334.0
2006-05-09,0,197334.0
2006-05-10,0,197302.0
2006-05-11,0,197240.0
2006-05-12,0,197208.0
2006-05-13,0,197208.0
2006-05-14,0,197240.0
2006-05-15,0,197334.0
2006-05-16,0,197397.0
2006-05-17,0,197460.0
2006-05-18,0,197460.0
2006-05-19,0,197460.0
2006-05-20,0,197491.0
2006-05-21,0,197554.0
2006-05-22,0,197775.0
2006-05-23,0,197586.0
2006-05-24,0,197428.0
2006-05-25,0,197397.0
2006-05-26,0,197365.0
2006-05-27,0,197334.0
2006-05-28,0,197334.0
2006-05-29,0,197365.0
2006-05-30,0,200583.0
2006-05-31,0,197397.0
2006-06-01,0,197302.0
2006-06-02,0,197177.0
2006-06-03,0,197052.0
2006-06-04,0,197021.0
2006-06-05,0,196959.0
2006-06-06,0,196896.0
2006-06-07,0,196834.0
2006-06-08,0,196771.0
2006-06-09,0,196740.0
2006-06-10,0,196709.0
2006-06-11,0,196646.0
2006-06-12,0,196615.0
2006-06-13,0,196553.0
2006-06-14,0,196459.0
2006-06-15,0,196397.0
2006-06-16,0,196303.0
2006-06-17,0,196178.0
2006-06-18,0,196084.0
2006-06-19,0,195991.0
2006-06-20,0,195866.0
2006-06-21,0,195772.0
2006-06-22,0,195710.0
2006-06-23,0,195585.0
2006-06-24,0,195460.0
2006-06-25,0,195398.0
2006-06-26,0,195273.0
2006-06-27,0,195210.0
2006-06-28,0,195117.0
2006-06-29,0,194992.0
2006-06-30,0,194804.0
2006-07-01,0,194711.0
2006-07-02,0,194523.0
2006-07-03,0,194399.0
2006-07-04,0,194242.0
2006-07-05,0,194087.0
2006-07-06,0,193933.0
2006-07-07,0,193778.0
2006-07-08,0,193624.0
2006-07-09,0,193469.0
2006-07-10,0,193284.0
2006-07-11,0,193098.0
2006-07-12,0,192944.0
2006-07-13,0,192789.0
2006-07-14,0,192635.0
2006-07-15,0,192480.0
2006-07-16,0,192356.0
2006-07-17,0,192202.0
2006-07-18,0,192109.0
2006-07-19,0,191924.0
2006-07-20,0,191800.0
2006-07-21,0,191645.0
2006-07-22,0,191491.0
2006-07-24,0,191182.0
2006-07-25,0,190997.0
2006-07-26,0,190814.0
2006-07-27,0,190600.0
2006-07-28,0,190416.0
2006-07-29,0,190232.0
2006-07-30,0,190080.0
2006-07-31,0,189896.0
2006-08-01,0,189712.0
2006-08-02,0,189498.0
2006-08-03,0,189345.0
2006-08-04,0,189192.0
2006-08-05,0,189009.0
2006-08-06,0,188825.0
2006-08-07,0,188672.0
2006-08-08,0,188550.0
2006-08-09,0,188366.0
2006-08-10,0,188183.0
2006-08-11,0,188030.0
2006-08-12,0,187818.0
2006-08-13,0,187637.0
2006-08-14,0,187486.0
2006-08-15,0,187335.0
2006-08-16,0,187184.0
2006-08-17,0,187032.0
2006-08-18,0,186851.0
2006-08-19,0,186670.0
2006-08-20,0,186519.0
2006-08-21,0,186337.0
2006-08-22,0,186156.0
2006-08-23,0,186005.0
2006-08-24,0,185793.0
2006-08-25,0,185612.0
2006-08-26,0,185430.0
2006-08-27,0,185309.0
2006-08-28,0,185188.0
2006-08-29,0,185067.0
2006-08-30,0,184947.0
2006-08-31,0,184768.0
2006-09-01,0,184590.0
2006-09-02,0,184411.0
2006-09-03,0,184262.0
2006-09-04,0,184083.0
2006-09-05,0,183963.0
2006-09-06,0,183814.0
2006-09-07,0,183665.0
2006-09-08,0,183486.0
2006-09-09,0,183337.0
2006-09-10,0,183188.0
2006-09-11,0,183069.0
2006-09-12,0,182920.0
2006-09-13,0,182771.0
2006-09-14,0,182621.0
2006-09-15,0,182472.0
2006-09-16,0,182323.0
2006-09-17,0,182174.0
2006-09-18,0,182025.0
2006-09-19,0,181878.0
2006-09-20,0,181731.0
2006-09-21,0,181584.0
2006-09-22,0,181408.0
2006-09-23,0,181261.0
2006-09-24,0,181143.0
2006-09-25,0,180967.0
2006-09-26,0,180791.0
2006-09-27,0,180644.0
2006-09-28,0,180497.0
2006-09-29,0,180350.0
2006-09-30,0,180203.0
2006-10-01,0,180115.0
2006-10-02,0,179997.0
2006-10-03,0,179909.0
2006-10-04,0,179791.0
2006-10-05,0,179674.0
2006-10-06,0,179527.0
2006-10-07,0,179380.0
2006-10-08,0,179262.0
2006-10-09,0,179174.0
2006-10-10,0,179028.0
2006-10-11,0,178912.0
2006-10-12,0,178767.0
2006-10-13,0,178652.0
2006-10-14,0,178507.0
2006-10-15,0,178391.0
2006-10-16,0,178304.0
2006-10-17,0,178159.0
2006-10-18,0,178072.0
2006-10-19,0,177928.0
2006-10-20,0,177783.0
2006-10-21,0,177638.0
2006-10-22,0,177551.0
2006-10-23,0,177406.0
2006-10-24,0,177290.0
2006-10-25,0,177146.0
2006-10-26,0,177001.0
2006-10-27,0,176856.0
2006-10-28,0,176740.0
2006-10-29,0,176595.0
2006-10-30,0,176480.0
2006-10-31,0,176364.0
2006-11-01,0,176219.0
2006-11-02,0,176104.0
2006-11-03,0,175990.0
2006-11-04,0,175905.0
2006-11-05,0,175790.0
2006-11-06,0,175705.0
2006-11-07,0,175562.0
2006-11-08,0,175448.0
2006-11-09,0,175334.0
2006-11-10,0,175191.0
2006-11-11,0,175048.0
2006-11-12,0,174906.0
2006-11-13,0,174792.0
2006-11-14,0,174649.0
2006-11-15,0,174592.0
2006-11-16,0,174478.0
2006-11-17,0,174363.0
2006-11-18,0,174249.0
2006-11-19,0,174164.0
2006-11-20,0,174078.0
2006-11-21,0,173935.0
2006-11-22,0,173821.0
2006-11-23,0,173736.0
2006-11-24,0,173621.0
2006-11-25,0,173536.0
2006-11-26,0,173422.0
2006-11-27,0,173365.0
2006-11-28,0,173252.0
2006-11-29,0,173196.0
2006-11-30,0,173083.0
2006-12-01,0,172971.0
2006-12-02,0,172887.0
2006-12-03,0,172802.0
2006-12-04,0,172718.0
2006-12-05,0,172578.0
2006-12-06,0,172465.0
2006-12-07,0,172353.0
2006-12-08,0,172212.0
2006-12-09,0,172128.0
2006-12-10,0,172184.0
2006-12-11,0,172184.0
2006-12-12,0,172072.0
2006-12-13,0,172044.0
2006-12-14,0,171960.0
2006-12-15,0,171875.0
2006-12-16,0,171819.0
2006-12-17,0,171791.0
2006-12-18,0,171707.0
2006-12-19,0,171623.0
2006-12-20,0,171538.0
2006-12-21,0,171454.0
2006-12-22,0,171342.0
2006-12-23,0,171285.0
2006-12-24,0,171201.0
2006-12-25,0,171117.0
2006-12-26,0,171005.0
2006-12-27,0,170976.0
2006-12-28,0,170892.0
2006-12-29,0,170808.0
2006-12-30,0,170752.0
2006-12-31,0,170639.0
2007-01-01,0,170583.0
2007-01-02,0,170527.0
2007-01-03,0,170416.0
2007-01-04,0,170333.0
2007-01-05,0,170195.0
2007-01-06,0,170112.0
2007-01-07,0,170001.0
2007-01-08,0,169890.0
2007-01-09,0,169835.0
2007-01-10,0,169780.0
2007-01-11,0,169697.0
2007-01-12,0,169641.0
2007-01-13,0,169531.0
2007-01-14,0,169475.0
2007-01-15,0,169364.0
2007-01-16,0,169281.0
2007-01-17,0,169171.0
2007-01-18,0,169060.0
2007-01-19,0,168894.0
2007-01-20,0,168783.0
2007-01-21,0,168645.0
2007-01-22,0,168534.0
2007-01-23,0,168423.0
2007-01-24,0,168285.0
2007-01-25,0,168119.0
2007-01-26,0,168008.0
2007-01-27,0,167925.0
2007-01-28,0,168063.0
2007-01-29,0,168036.0
2007-01-30,0,167980.0
2007-01-31,0,168036.0
2007-02-01,0,167980.0
2007-02-02,0,167925.0
2007-02-03,0,167870.0
2007-02-04,0,167842.0
2007-02-05,0,167759.0
2007-02-06,0,167677.0
2007-02-07,0,167677.0
2007-02-08,0,167677.0
2007-02-09,0,167622.0
2007-02-10,0,167540.0
2007-02-11,0,167650.0
2007-02-12,0,167595.0
2007-02-13,0,167540.0
2007-02-14,0,167513.0
2007-02-15,0,167431.0
2007-02-16,0,167376.0
2007-02-17,0,167349.0
2007-02-18,0,167267.0
2007-02-19,0,167431.0
2007-02-20,0,167376.0
2007-02-21,0,167349.0
2007-02-22,0,167349.0
2007-02-23,0,167431.0
2007-02-24,0,167431.0
2007-02-25,0,167376.0
2007-02-26,0,167376.0
2007-02-27,0,167404.0
2007-02-28,0,167431.0
2007-03-01,0,167431.0
2007-03-02,0,167349.0
2007-03-03,0,167294.0
2007-03-04,0,167240.0
2007-03-05,0,167212.0
2007-03-06,0,167130.0
2007-03-07,0,167048.0
2007-03-08,0,167021.0
2007-03-09,0,167021.0
2007-03-10,0,166993.0
2007-03-11,0,166939.0
2007-03-12,0,166911.0
2007-03-13,0,166802.0
2007-03-14,0,166693.0
2007-03-15,0,166611.0
2007-03-16,0,166529.0
2007-03-17,0,166474.0
2007-03-18,0,166392.0
2007-03-19,0,166310.0
2007-03-20,0,166228.0
2007-03-21,0,166173.0
2007-03-22,0,166173.0
2007-03-23,0,166146.0
2007-03-24,0,166064.0
2007-03-25,0,166009.0
2007-03-26,0,165927.0
2007-03-27,0,165818.0
2007-03-28,0,165654.0
2007-03-29,0,165654.0
2007-03-30,0,165572.0
2007-03-31,0,165462.0
2007-04-01,0,165380.0
2007-04-02,0,165271.0
2007-04-03,0,165189.0
2007-04-04,0,165052.0
2007-04-05,0,164998.0
2007-04-07,0,164808.0
2007-04-08,0,164700.0
2007-04-09,0,164619.0
2007-04-10,0,164484.0
2007-04-11,0,164375.0
2007-04-12,0,164159.0
2007-04-13,0,164023.0
2007-04-14,0,163915.0
2007-04-15,0,163699.0
2007-04-16,0,163617.0
2007-04-17,0,163482.0
2007-04-18,0,163293.0
2007-04-19,0,163184.0
2007-04-20,0,163265.0
2007-04-21,0,163184.0
2007-04-22,0,163130.0
2007-04-23,0,163103.0
2007-04-24,0,162995.0
2007-04-25,0,162914.0
2007-04-26,0,162832.0
2007-04-27,0,162778.0
2007-04-28,0,162670.0
2007-04-29,0,162562.0
2007-04-30,0,162453.0
2007-05-01,0,162318.0
2007-05-02,0,162184.0
2007-05-03,0,161996.0
2007-05-04,0,161835.0
2007-05-05,0,161648.0
2007-05-06,0,161514.0
2007-05-07,0,161406.0
2007-05-08,0,161326.0
2007-05-09,0,161219.0
2007-05-10,0,161165.0
2007-05-11,0,161085.0
2007-05-12,0,161031.0
2007-05-13,0,160978.0
2007-05-14,0,160924.0
2007-05-15,0,160870.0
2007-05-16,0,160763.0
2007-05-17,0,160602.0
2007-05-18,0,160468.0
2007-05-19,0,160307.0
2007-05-20,0,160173.0
2007-05-21,0,160039.0
2007-05-22,0,159932.0
2007-05-23,0,159771.0
2007-05-24,0,159664.0
2007-05-25,0,159531.0
2007-05-26,0,159399.0
2007-05-27,0,159293.0
2007-05-28,0,159160.0
2007-05-29,0,159107.0
2007-05-30,0,159001.0
2007-05-31,0,158842.0
2007-06-01,0,158736.0
2007-06-03,0,158471.0
2007-06-04,0,158365.0
2007-06-05,0,158233.0
2007-06-06,0,158047.0
2007-06-07,0,157915.0
2007-06-08,0,157782.0
2007-06-09,0,157650.0
2007-06-10,0,157517.0
2007-06-11,0,157385.0
2007-06-12,0,157279.0
2007-06-13,0,157146.0
2007-06-14,0,157067.0
2007-06-15,0,157040.0
2007-06-16,0,156882.0
2007-06-17,0,156725.0
2007-06-18,0,156568.0
2007-06-19,0,156437.0
2007-06-20,0,156253.0
2007-06-21,0,156149.0
2007-06-22,0,155991.0
2007-06-23,0,155808.0
2007-06-24,0,155546.0
2007-06-25,0,155284.0
2007-06-26,0,155048.0
2007-06-27,0,154812.0
2007-06-28,0,154629.0
2007-06-29,0,154419.0
2007-06-30,0,154264.0
2007-07-01,0,154082.0
2007-07-02,0,153927.0
2007-07-03,0,153772.0
2007-07-04,0,153617.0
2007-07-05,0,153410.0
2007-07-06,0,153229.0
2007-07-07,0,153074.0
2007-07-08,0,152918.0
2007-07-09,0,152737.0
2007-07-10,0,152556.0
2007-07-11,0,152401.0
2007-07-12,0,152246.0
2007-07-13,0,152090.0
2007-07-14,0,151935.0
2007-07-15,0,151754.0
2007-07-16,0,151601.0
2007-07-17,0,151448.0
2007-07-18,0,151270.0
2007-07-19,0,151117.0
2007-07-20,0,150887.0
2007-07-21,0,150785.0
2007-07-22,0,150607.0
2007-07-23,0,150453.0
2007-07-24,0,150045.0
2007-07-25,0,149510.0
2007-07-26,0,149053.0
2007-07-27,0,148601.0
2007-07-28,0,148173.0
2007-07-29,0,147746.0
2007-07-30,0,147293.0
2007-07-31,0,146891.0
2007-08-01,0,146541.0
2007-08-02,0,146268.0
2007-08-03,0,145995.0
2007-08-04,0,145647.0
2007-08-05,0,145374.0
2007-08-06,0,145076.0
2007-08-07,0,144828.0
2007-08-08,0,144580.0
2007-08-09,0,144282.0
2007-08-10,0,144035.0
2007-08-11,0,143790.0
2007-08-12,0,143519.0
2007-08-13,0,143274.0
2007-08-14,0,143028.0
2007-08-15,0,142733.0
2007-08-16,0,142463.0
2007-08-17,0,142217.0
2007-08-18,0,141947.0
2007-08-19,0,141678.0
2007-08-20,0,141410.0
2007-08-21,0,141143.0
2007-08-22,0,140876.0
2007-08-23,0,140560.0
2007-08-24,0,140316.0
2007-08-25,0,140049.0
2007-08-26,0,139830.0
2007-08-27,0,139587.0
2007-08-28,0,139368.0
2007-08-29,0,139128.0
2007-08-30,0,138887.0
2007-08-31,0,138623.0
2007-09-01,0,138334.0
2007-09-02,0,138117.0
2007-09-03,0,137901.0
2007-09-04,0,137612.0
2007-09-05,0,137348.0
2007-09-06,0,137107.0
2007-09-07,0,136868.0
2007-09-08,0,136630.0
2007-09-09,0,136392.0
2007-09-10,0,136154.0
2007-09-11,0,135939.0
2007-09-12,0,135701.0
2007-09-13,0,135487.0
2007-09-14,0,135225.0
2007-09-15,0,134987.0
2007-09-16,0,134726.0
2007-09-17,0,134512.0
2007-09-18,0,134300.0
2007-09-19,0,134088.0
2007-09-20,0,133970.0
2007-09-21,0,133782.0
2007-09-22,0,133617.0
2007-09-23,0,133499.0
2007-09-24,0,133358.0
2007-09-25,0,133170.0
2007-09-26,0,133052.0
2007-09-27,0,132863.0
2007-09-28,0,132675.0
2007-09-29,0,132534.0
2007-09-30,0,132392.0
2007-10-01,0,132204.0
2007-10-02,0,132088.0
2007-10-03,0,131901.0
2007-10-04,0,131692.0
2007-10-05,0,131436.0
2007-10-06,0,131226.0
2007-10-07,0,131017.0
2007-10-08,0,130830.0
2007-10-09,0,130691.0
2007-10-10,0,130574.0
2007-10-12,0,130295.0
2007-10-13,0,130132.0
2007-10-14,0,129946.0
2007-10-15,0,129715.0
2007-10-16,0,129508.0
2007-10-17,0,129324.0
2007-10-18,0,129162.0
2007-10-19,0,128978.0
2007-10-20,0,128794.0
2007-10-21,0,128587.0
2007-10-22,0,128426.0
2007-10-23,0,128242.0
2007-10-24,0,128080.0
2007-10-25,0,127896.0
2007-10-26,0,127666.0
2007-10-27,0,127483.0
2007-10-28,0,127301.0
2007-10-29,0,127120.0
2007-10-30,0,126938.0
2007-10-31,0,126756.0
2007-11-01,0,126574.0
2007-11-02,0,126415.0
2007-11-03,0,126234.0
2007-11-04,0,126074.0
2007-11-05,0,125984.0
2007-11-06,0,125915.0
2007-11-07,0,125847.0
2007-11-08,0,125779.0
2007-11-09,0,125734.0
2007-11-10,0,125643.0
2007-11-11,0,125506.0
2007-11-13,0,125190.0
2007-11-14,0,125078.0
2007-11-15,0,124921.0
2007-11-16,0,124763.0
2007-11-17,0,124606.0
2007-11-18,0,124494.0
2007-11-19,0,124404.0
2007-11-20,0,124270.0
2007-11-21,0,124113.0
2007-11-22,0,124000.0
2007-11-23,0,123843.0
2007-11-24,0,123776.0
2007-11-25,0,123641.0
2007-11-26,0,123619.0
2007-11-27,0,123552.0
2007-11-28,0,123507.0
2007-11-29,0,123439.0
2007-11-30,0,123327.0
2007-12-01,0,123193.0
2007-12-02,0,123058.0
2007-12-03,0,122481.0
2007-12-04,0,122770.0
2007-12-05,0,122659.0
2007-12-06,0,122526.0
2007-12-07,0,122415.0
2007-12-08,0,122282.0
2007-12-09,0,122237.0
2007-12-10,0,122215.0
2007-12-11,0,122149.0
2007-12-12,0,122126.0
2007-12-13,0,122038.0
2007-12-14,0,121993.0
2007-12-15,0,121927.0
2007-12-16,0,121838.0
2007-12-17,0,121727.0
2007-12-18,0,121683.0
2007-12-19,0,122171.0
2007-12-20,0,122171.0
2007-12-21,0,122126.0
2007-12-22,0,122060.0
2007-12-23,0,121993.0
2007-12-24,0,121949.0
2007-12-25,0,121838.0
2007-12-26,0,121838.0
2007-12-27,0,121727.0
2007-12-28,0,121661.0
2007-12-29,0,121616.0
2007-12-30,0,121550.0
2007-12-31,0,121505.0
2008-01-01,0,121461.0
2008-01-02,0,121395.0
2008-01-03,0,121350.0
2008-01-04,0,121284.0
2008-01-05,0,124696.0
2008-01-06,0,126506.0
2008-01-07,0,127873.0
2008-01-08,0,128426.0
2008-01-09,0,128633.0
2008-01-10,0,128679.0
2008-01-11,0,128748.0
2008-01-12,0,128794.0
2008-01-13,0,128817.0
2008-01-14,0,128840.0
2008-01-15,0,128817.0
2008-01-16,0,128840.0
2008-01-17,0,128840.0
2008-01-18,0,128794.0
2008-01-19,0,128794.0
2008-01-20,0,128748.0
2008-01-21,0,128748.0
2008-01-22,0,128771.0
2008-01-23,0,129439.0
2008-01-24,0,135749.0
2008-01-25,0,139538.0
2008-01-26,0,146866.0
2008-01-27,0,157862.0
2008-01-28,0,179086.0
2008-01-29,0,186458.0
2008-01-30,0,188642.0
2008-01-31,0,189407.0
2008-02-01,0,189743.0
2008-02-02,0,189621.0
2008-02-03,0,189529.0
2008-02-04,0,189927.0
2008-02-05,0,190141.0
2008-02-06,0,190630.0
2008-02-07,0,190967.0
2008-02-08,0,191429.0
2008-02-09,0,191985.0
2008-02-10,0,192449.0
2008-02-11,0,192913.0
2008-02-12,0,193191.0
2008-02-13,0,193345.0
2008-02-14,0,193500.0
2008-02-15,0,193747.0
2008-02-16,0,193778.0
2008-02-17,0,193809.0
2008-02-18,0,193871.0
2008-02-19,0,193871.0
2008-02-20,0,193902.0
2008-02-21,0,193902.0
2008-02-22,0,193964.0
2008-02-23,0,194149.0
2008-02-24,0,194461.0
2008-02-25,0,195491.0
2008-02-26,0,195117.0
2008-02-27,0,194742.0
2008-02-28,0,194617.0
2008-02-29,0,194461.0
2008-03-01,0,194305.0
2008-03-02,0,194118.0
2008-03-03,0,193933.0
2008-03-04,0,193809.0
2008-03-05,0,193685.0
2008-03-06,0,193747.0
2008-03-07,0,193809.0
2008-03-08,0,193933.0
2008-03-09,0,194087.0
2008-03-10,0,194274.0
2008-03-11,0,194399.0
2008-03-12,0,194555.0
2008-03-13,0,194680.0
2008-03-14,0,194804.0
2008-03-15,0,194898.0
2008-03-16,0,195023.0
2008-03-17,0,195148.0
2008-03-18,0,195241.0
2008-03-19,0,195335.0
2008-03-20,0,195398.0
2008-03-21,0,195491.0
2008-03-22,0,195554.0
2008-03-23,0,195647.0
2008-03-24,0,195679.0
2008-03-25,0,195803.0
2008-03-26,0,195803.0
2008-03-27,0,195866.0
2008-03-28,0,195928.0
2008-03-29,0,195928.0
2008-03-30,0,195960.0
2008-03-31,0,195991.0
2008-04-01,0,196053.0
2008-04-02,0,196053.0
2008-04-03,0,196116.0
2008-04-04,0,196178.0
2008-04-05,0,196209.0
2008-04-06,0,196272.0
2008-04-07,0,196334.0
2008-04-08,0,196334.0
2008-04-09,0,196303.0
2008-04-10,0,196365.0
2008-04-11,0,196334.0
2008-04-12,0,196334.0
2008-04-13,0,196303.0
2008-04-14,0,196241.0
2008-04-15,0,196178.0
2008-04-16,0,196147.0
2008-04-17,0,196084.0
2008-04-18,0,196053.0
2008-04-19,0,195960.0
2008-04-20,0,195897.0
2008-04-21,0,195866.0
2008-04-22,0,195803.0
2008-04-23,0,195772.0
2008-04-24,0,195679.0
2008-04-25,0,195585.0
2008-04-26,0,195522.0
2008-04-27,0,195429.0
2008-04-28,0,195366.0
2008-04-29,0,195273.0
2008-04-30,0,195117.0
2008-05-02,0,194898.0
2008-05-03,0,194773.0
2008-05-04,0,194680.0
2008-05-05,0,194617.0
2008-05-06,0,194555.0
2008-05-07,0,194461.0
2008-05-08,0,194367.0
2008-05-09,0,194274.0
2008-05-10,0,194211.0
2008-05-11,0,194118.0
2008-05-12,0,194056.0
2008-05-13,0,193995.0
2008-05-14,0,193871.0
2008-05-15,0,193716.0
2008-05-16,0,193624.0
2008-05-17,0,193469.0
2008-05-18,0,193345.0
2008-05-19,0,193191.0
2008-05-20,0,193036.0
2008-05-21,0,192851.0
2008-05-22,0,192727.0
2008-05-23,0,192635.0
2008-05-24,0,192635.0
2008-05-25,0,192480.0
2008-05-26,0,192387.0
2008-05-27,0,192264.0
2008-05-28,0,192171.0
2008-05-29,0,192016.0
2008-05-30,0,191862.0
2008-05-31,0,191738.0
2008-06-01,0,191614.0
2008-06-02,0,191460.0
2008-06-03,0,191367.0
2008-06-04,0,191213.0
2008-06-05,0,191120.0
2008-06-06,0,191028.0
2008-06-07,0,190875.0
2008-06-08,0,190783.0
2008-06-09,0,190630.0
2008-06-10,0,190508.0
2008-06-11,0,190416.0
2008-06-12,0,190294.0
2008-06-13,0,190171.0
2008-06-14,0,190080.0
2008-06-15,0,189957.0
2008-06-16,0,189865.0
2008-06-17,0,189774.0
2008-06-18,0,189682.0
2008-06-19,0,189560.0
2008-06-20,0,189437.0
2008-06-21,0,189284.0
2008-06-22,0,189131.0
2008-06-23,0,188948.0
2008-06-24,0,188764.0
2008-06-25,0,188611.0
2008-06-26,0,188458.0
2008-06-27,0,188214.0
2008-06-28,0,188000.0
2008-06-29,0,187849.0
2008-06-30,0,187697.0
2008-07-01,0,187546.0
2008-07-02,0,187395.0
2008-07-03,0,187244.0
2008-07-04,0,187063.0
2008-07-05,0,186851.0
2008-07-06,0,186639.0
2008-07-07,0,186458.0
2008-07-08,0,186277.0
2008-07-09,0,186126.0
2008-07-10,0,185914.0
2008-07-11,0,185793.0
2008-07-12,0,185612.0
2008-07-13,0,185460.0
2008-07-14,0,185279.0
2008-07-15,0,185067.0
2008-07-16,0,184858.0
2008-07-17,0,184649.0
2008-07-18,0,184440.0
2008-07-19,0,184232.0
2008-07-20,0,184023.0
2008-07-21,0,183844.0
2008-07-22,0,183665.0
2008-07-23,0,183486.0
2008-07-24,0,183307.0
2008-07-25,0,183128.0
2008-07-26,0,182920.0
2008-07-27,0,182771.0
2008-07-28,0,182592.0
2008-07-29,0,182413.0
2008-07-30,0,182234.0
2008-07-31,0,182085.0
2008-08-01,0,181937.0
2008-08-02,0,181760.0
2008-08-03,0,181614.0
2008-08-04,0,181437.0
2008-08-05,0,181290.0
2008-08-06,0,181114.0
2008-08-07,0,180967.0
2008-08-08,0,180791.0
2008-08-09,0,180614.0
2008-08-10,0,180497.0
2008-08-11,0,180291.0
2008-08-12,0,180115.0
2008-08-13,0,179968.0
2008-08-14,0,179791.0
2008-08-15,0,179674.0
2008-08-16,0,179527.0
2008-08-17,0,179380.0
2008-08-18,0,179204.0
2008-08-19,0,179057.0
2008-08-20,0,178883.0
2008-08-21,0,178738.0
2008-08-22,0,178565.0
2008-08-23,0,178391.0
2008-08-24,0,178275.0
2008-08-25,0,178101.0
2008-08-26,0,177986.0
2008-08-27,0,177783.0
2008-08-28,0,177638.0
2008-08-29,0,177493.0
2008-08-30,0,177377.0
2008-08-31,0,177233.0
2008-09-01,0,177088.0
2008-09-02,0,177030.0
2008-09-03,0,176856.0
2008-09-04,0,176711.0
2008-09-05,0,176538.0
2008-09-06,0,176393.0
2008-09-07,0,176248.0
2008-09-08,0,176104.0
2008-09-09,0,175990.0
2008-09-10,0,175876.0
2008-09-11,0,175733.0
2008-09-12,0,175619.0
2008-09-13,0,175505.0
2008-09-14,0,175334.0
2008-09-15,0,175191.0
2008-09-16,0,175048.0
2008-09-17,0,174877.0
2008-09-18,0,174763.0
2008-09-19,0,174649.0
2008-09-20,0,174506.0
2008-09-21,0,174392.0
2008-09-22,0,174249.0
2008-09-23,0,174135.0
2008-09-24,0,174021.0
2008-09-25,0,173878.0
2008-09-26,0,173736.0
2008-09-27,0,173593.0
2008-09-28,0,173507.0
2008-09-30,0,173280.0
2008-10-01,0,173139.0
2008-10-02,0,172943.0
2008-10-03,0,172774.0
2008-10-04,0,172634.0
2008-10-05,0,172493.0
2008-10-06,0,172409.0
2008-10-07,0,172240.0
2008-10-08,0,172072.0
2008-10-09,0,171875.0
2008-10-10,0,171707.0
2008-10-11,0,171510.0
2008-10-12,0,171342.0
2008-10-13,0,171201.0
2008-10-14,0,171005.0
2008-10-15,0,170864.0
2008-10-16,0,170724.0
2008-10-17,0,170583.0
2008-10-18,0,170389.0
2008-10-19,0,170278.0
2008-10-20,0,170139.0
2008-10-21,0,170029.0
2008-10-22,0,169973.0
2008-10-23,0,169835.0
2008-10-24,0,169669.0
2008-10-25,0,169503.0
2008-10-26,0,169392.0
2008-10-27,0,169254.0
2008-10-28,0,169143.0
2008-10-29,0,169005.0
2008-10-30,0,168894.0
2008-10-31,0,168700.0
2008-11-01,0,168589.0
2008-11-02,0,168479.0
2008-11-03,0,168396.0
2008-11-04,0,168313.0
2008-11-05,0,168230.0
2008-11-06,0,168119.0
2008-11-07,0,168063.0
2008-11-08,0,167980.0
2008-11-09,0,167814.0
2008-11-10,0,167759.0
2008-11-11,0,167650.0
2008-11-12,0,167568.0
2008-11-13,0,167431.0
2008-11-14,0,167349.0
2008-11-15,0,167212.0
2008-11-16,0,167076.0
2008-11-17,0,166993.0
2008-11-18,0,166911.0
2008-11-19,0,166802.0
2008-11-20,0,166665.0
2008-11-21,0,166529.0
2008-11-22,0,166447.0
2008-11-23,0,166337.0
2008-11-24,0,166255.0
2008-11-25,0,166201.0
2008-11-26,0,166556.0
2008-11-27,0,166775.0
2008-11-28,0,166747.0
2008-11-29,0,166693.0
2008-11-30,0,166693.0
2008-12-01,0,165528.0
2008-12-02,0,165474.0
2008-12-03,0,165446.0
2008-12-04,0,165419.0
2008-12-06,0,165309.0
2008-12-07,0,165254.0
2008-12-08,0,165199.0
2008-12-09,0,165144.0
2008-12-10,0,165089.0
2008-12-11,0,165007.0
2008-12-12,0,164925.0
2008-12-13,0,164843.0
2008-12-14,0,164788.0
2008-12-15,0,165062.0
2008-12-16,0,165254.0
2008-12-17,0,165172.0
2008-12-18,0,165144.0
2008-12-19,0,165089.0
2008-12-20,0,165062.0
2008-12-21,0,165007.0
2008-12-22,0,165007.0
2008-12-23,0,164980.0
2008-12-24,0,164980.0
2008-12-25,0,164897.0
2008-12-26,0,164897.0
2008-12-27,0,164870.0
2008-12-28,0,164843.0
2008-12-29,0,164788.0
2008-12-30,0,164733.0
2008-12-31,0,164678.0
2009-01-01,0,164623.0
2009-01-02,0,164596.0
2009-01-03,0,164513.0
2009-01-04,0,164486.0
2009-01-05,0,164431.0
2009-01-06,0,164349.0
2009-01-07,0,164267.0
2009-01-08,0,164184.0
2009-01-09,0,164102.0
2009-01-10,0,164075.0
2009-01-11,0,163992.0
2009-01-12,0,163937.0
2009-01-13,0,163829.0
2009-01-14,0,163775.0
2009-01-15,0,163667.0
2009-01-16,0,163558.0
2009-01-17,0,163450.0
2009-01-18,0,163342.0
2009-01-19,0,163207.0
2009-01-20,0,163099.0
2009-01-21,0,162963.0
2009-01-22,0,162909.0
2009-01-23,0,162882.0
2009-01-25,0,162855.0
2009-01-26,0,162801.0
2009-01-27,0,162747.0
2009-01-28,0,162693.0
2009-01-29,0,162612.0
2009-01-30,0,162585.0
2009-01-31,0,162558.0
2009-02-01,0,162476.0
2009-02-02,0,162422.0
2009-02-03,0,162341.0
2009-02-04,0,162260.0
2009-02-05,0,162206.0
2009-02-06,0,162206.0
2009-02-07,0,162666.0
2009-02-08,0,162693.0
2009-02-09,0,162801.0
2009-02-10,0,162828.0
2009-02-11,0,162828.0
2009-02-12,0,162828.0
2009-02-13,0,162828.0
2009-02-14,0,162909.0
2009-02-15,0,162909.0
2009-02-16,0,163153.0
2009-02-17,0,163721.0
2009-02-18,0,164212.0
2009-02-19,0,164705.0
2009-02-20,0,165062.0
2009-02-21,0,165336.0
2009-02-22,0,165611.0
2009-02-23,0,165912.0
2009-02-24,0,166242.0
2009-02-25,0,166516.0
2009-02-26,0,166820.0
2009-02-27,0,167014.0
2009-02-28,0,167264.0
2009-03-01,0,167430.0
2009-03-02,0,167625.0
2009-03-03,0,167708.0
2009-03-04,0,167930.0
2009-03-05,0,168180.0
2009-03-06,0,168319.0
2009-03-07,0,168457.0
2009-03-08,0,168596.0
2009-03-09,0,168679.0
2009-03-10,0,168763.0
2009-03-11,0,168846.0
2009-03-12,0,168874.0
2009-03-13,0,168874.0
2009-03-14,0,168874.0
2009-03-15,0,168846.0
2009-03-16,0,168846.0
2009-03-17,0,168818.0
2009-03-18,0,168763.0
2009-03-19,0,168707.0
2009-03-20,0,168735.0
2009-03-21,0,168735.0
2009-03-22,0,168763.0
2009-03-23,0,168791.0
2009-03-24,0,168818.0
2009-03-25,0,168846.0
2009-03-26,0,168846.0
2009-03-27,0,168902.0
2009-03-28,0,168902.0
2009-03-29,0,168846.0
2009-03-30,0,168818.0
2009-03-31,0,168791.0
2009-04-01,0,168707.0
2009-04-02,0,168652.0
2009-04-03,0,168596.0
2009-04-04,0,168513.0
2009-04-05,0,168457.0
2009-04-06,0,168374.0
2009-04-07,0,168263.0
2009-04-08,0,168263.0
2009-04-09,0,168235.0
2009-04-10,0,168208.0
2009-04-11,0,168180.0
2009-04-12,0,168180.0
2009-04-13,0,168152.0
2009-04-14,0,168069.0
2009-04-15,0,167930.0
2009-04-16,0,167819.0
2009-04-17,0,167763.0
2009-04-18,0,167680.0
2009-04-19,0,167625.0
2009-04-20,0,167569.0
2009-04-21,0,167486.0
2009-04-22,0,167347.0
2009-04-23,0,167236.0
2009-04-24,0,167097.0
2009-04-25,0,166958.0
2009-04-26,0,166847.0
2009-04-27,0,166764.0
2009-04-28,0,166626.0
2009-04-29,0,166516.0
2009-04-30,0,166379.0
2009-05-01,0,166242.0
2009-05-02,0,166214.0
2009-05-03,0,166104.0
2009-05-04,0,165995.0
2009-05-05,0,165858.0
2009-05-06,0,165693.0
2009-05-07,0,165583.0
2009-05-08,0,165446.0
2009-05-09,0,165282.0
2009-05-10,0,165144.0
2009-05-11,0,165089.0
2009-05-12,0,164952.0
2009-05-13,0,164897.0
2009-05-14,0,164596.0
2009-05-15,0,164541.0
2009-05-16,0,164404.0
2009-05-17,0,164321.0
2009-05-18,0,164157.0
2009-05-19,0,164047.0
2009-05-20,0,163910.0
2009-05-21,0,163775.0
2009-05-22,0,163585.0
2009-05-23,0,163423.0
2009-05-24,0,163261.0
2009-05-25,0,163071.0
2009-05-26,0,162936.0
2009-05-27,0,162801.0
2009-05-28,0,162666.0
2009-05-29,0,162558.0
2009-05-30,0,162422.0
2009-05-31,0,162287.0
2009-06-01,0,162179.0
2009-06-02,0,162071.0
2009-06-03,0,161962.0
2009-06-04,0,161827.0
2009-06-05,0,161746.0
2009-06-06,0,161611.0
2009-06-07,0,161503.0
2009-06-08,0,161394.0
2009-06-09,0,161259.0
2009-06-10,0,161152.0
2009-06-11,0,161018.0
2009-06-12,0,160885.0
2009-06-13,0,160778.0
2009-06-14,0,160618.0
2009-06-15,0,160511.0
2009-06-16,0,160351.0
2009-06-17,0,160217.0
2009-06-18,0,160057.0
2009-06-19,0,159923.0
2009-06-20,0,159737.0
2009-06-21,0,159576.0
2009-06-22,0,159443.0
2009-06-23,0,159256.0
2009-06-24,0,159122.0
2009-06-25,0,158989.0
2009-06-26,0,158855.0
2009-06-27,0,158749.0
2009-06-28,0,158588.0
2009-06-29,0,158456.0
2009-06-30,0,158271.0
2009-07-01,0,158087.0
2009-07-02,0,157902.0
2009-07-03,0,157718.0
2009-07-04,0,157533.0
2009-07-05,0,157348.0
2009-07-06,0,157217.0
2009-07-07,0,157006.0
2009-07-08,0,156847.0
2009-07-09,0,156636.0
2009-07-10,0,156425.0
2009-07-11,0,156267.0
2009-07-12,0,156083.0
2009-07-13,0,155898.0
2009-07-14,0,155716.0
2009-07-15,0,155533.0
2009-07-16,0,155325.0
2009-07-17,0,155143.0
2009-07-18,0,154986.0
2009-07-19,0,154804.0
2009-07-20,0,154622.0
2009-07-21,0,154413.0
2009-07-22,0,154205.0
2009-07-23,0,154075.0
2009-07-24,0,153840.0
2009-07-25,0,153658.0
2009-07-26,0,153449.0
2009-07-27,0,153293.0
2009-07-28,0,153087.0
2009-07-29,0,152906.0
2009-07-30,0,152700.0
2009-07-31,0,152520.0
2009-08-01,0,152340.0
2009-08-02,0,152159.0
2009-08-03,0,151979.0
2009-08-04,0,151798.0
2009-08-05,0,151618.0
2009-08-06,0,151438.0
2009-08-07,0,151206.0
2009-08-08,0,151025.0
2009-08-09,0,150819.0
2009-08-10,0,150665.0
2009-08-11,0,150487.0
2009-08-12,0,150334.0
2009-08-13,0,150181.0
2009-08-14,0,150003.0
2009-08-15,0,149799.0
2009-08-16,0,149620.0
2009-08-17,0,149467.0
2009-08-18,0,149315.0
2009-08-19,0,149162.0
2009-08-20,0,149060.0
2009-08-21,0,148958.0
2009-08-22,0,148830.0
2009-08-23,0,148754.0
2009-08-24,0,148601.0
2009-08-25,0,148474.0
2009-08-26,0,148321.0
2009-08-28,0,147967.0
2009-08-29,0,147791.0
2009-08-30,0,147589.0
2009-08-31,0,147438.0
2009-09-01,0,147237.0
2009-09-02,0,147086.0
2009-09-03,0,146910.0
2009-09-04,0,146709.0
2009-09-05,0,146482.0
2009-09-06,0,146306.0
2009-09-07,0,146180.0
2009-09-08,0,146055.0
2009-09-09,0,145853.0
2009-09-10,0,145702.0
2009-09-11,0,145428.0
2009-09-12,0,145428.0
2009-09-13,0,145229.0
2009-09-14,0,145080.0
2009-09-15,0,144931.0
2009-09-16,0,144757.0
2009-09-17,0,144633.0
2009-09-18,0,144459.0
2009-09-19,0,144260.0
2009-09-20,0,144111.0
2009-09-21,0,143986.0
2009-09-22,0,143812.0
2009-09-23,0,143638.0
2009-09-24,0,143464.0
2009-09-25,0,143265.0
2009-09-26,0,143092.0
2009-09-27,0,142896.0
2009-09-28,0,142749.0
2009-09-29,0,142602.0
2009-09-30,0,142479.0
2009-10-01,0,142307.0
2009-10-02,0,142135.0
2009-10-03,0,141890.0
2009-10-04,0,141645.0
2009-10-05,0,141497.0
2009-10-06,0,141350.0
2009-10-07,0,141178.0
2009-10-08,0,140982.0
2009-10-09,0,140810.0
2009-10-10,0,140639.0
2009-10-11,0,140543.0
2009-10-12,0,140446.0
2009-10-13,0,140421.0
2009-10-14,0,140712.0
2009-10-15,0,140712.0
2009-10-16,0,140664.0
2009-10-17,0,140639.0
2009-10-18,0,140518.0
2009-10-19,0,140421.0
2009-10-20,0,140300.0
2009-10-21,0,140204.0
2009-10-22,0,140131.0
2009-10-24,0,139986.0
2009-10-25,0,139865.0
2009-10-26,0,139816.0
2009-10-27,0,139695.0
2009-10-28,0,139453.0
2009-10-29,0,139356.0
2009-10-30,0,139235.0
2009-10-31,0,139066.0
2009-11-01,0,138969.0
2009-11-02,0,138848.0
2009-11-03,0,138727.0
2009-11-04,0,138582.0
2009-11-05,0,138485.0
2009-11-06,0,138339.0
2009-11-07,0,138219.0
2009-11-08,0,138075.0
2009-11-09,0,137979.0
2009-11-10,0,137907.0
2009-11-11,0,137788.0
2009-11-12,0,137692.0
2009-11-13,0,137596.0
2009-11-14,0,137476.0
2009-11-15,0,137356.0
2009-11-16,0,137236.0
2009-11-17,0,137093.0
2009-11-18,0,136997.0
2009-11-19,0,136853.0
2009-11-20,0,136733.0
2009-11-21,0,136613.0
2009-11-22,0,136517.0
2009-11-23,0,136421.0
2009-11-24,0,136325.0
2009-11-25,0,136254.0
2009-11-26,0,136158.0
2009-11-27,0,136038.0
2009-11-28,0,135894.0
2009-11-29,0,135847.0
2009-11-30,0,135775.0
2009-12-01,0,135681.0
2009-12-02,0,135562.0
2009-12-03,0,135467.0
2009-12-04,0,135349.0
2009-12-05,0,135230.0
2009-12-06,0,135135.0
2009-12-07,0,135112.0
2009-12-08,0,135135.0
2009-12-09,0,135088.0
2009-12-10,0,135040.0
2009-12-11,0,135183.0
2009-12-12,0,135301.0
2009-12-13,0,135775.0
2009-12-14,0,135847.0
2009-12-15,0,135847.0
2009-12-16,0,135799.0
2009-12-17,0,135728.0
2009-12-18,0,135704.0
2009-12-19,0,135657.0
2009-12-20,0,135633.0
2009-12-21,0,135562.0
2009-12-22,0,135491.0
2009-12-23,0,135444.0
2009-12-24,0,135396.0
2009-12-25,0,135301.0
2009-12-26,0,135230.0
2009-12-27,0,135183.0
2009-12-28,0,135112.0
2009-12-29,0,135040.0
2009-12-30,0,135017.0
2009-12-31,0,134946.0
2010-01-01,0,134874.0
2010-01-02,0,134827.0
2010-01-03,0,134780.0
2010-01-04,0,134709.0
2010-01-05,0,134637.0
2010-01-06,0,134566.0
2010-01-07,0,134495.0
2010-01-08,0,134400.0
2010-01-09,0,134329.0
2010-01-10,0,134258.0
2010-01-11,0,134187.0
2010-01-12,0,134068.0
2010-01-13,0,134045.0
2010-01-14,0,133997.0
2010-01-15,0,133926.0
2010-01-16,0,133855.0
2010-01-17,0,133831.0
2010-01-18,0,134045.0
2010-01-19,0,134993.0
2010-01-20,0,135467.0
2010-01-21,0,140591.0
2010-01-23,0,149187.0
2010-01-24,0,150691.0
2010-01-25,0,151489.0
2010-01-26,0,152005.0
2010-01-27,0,152494.0
2010-01-28,0,153010.0
2010-01-29,0,153423.0
2010-01-30,0,153814.0
2010-01-31,0,154101.0
2010-02-01,0,154387.0
2010-02-02,0,154648.0
2010-02-03,0,154882.0
2010-02-04,0,155117.0
2010-02-05,0,155559.0
2010-02-06,0,156531.0
2010-02-07,0,157269.0
2010-02-08,0,157691.0
2010-02-09,0,158060.0
2010-02-10,0,158509.0
2010-02-11,0,158882.0
2010-02-12,0,159176.0
2010-02-13,0,159470.0
2010-02-14,0,159710.0
2010-02-15,0,159950.0
2010-02-16,0,160164.0
2010-02-17,0,160351.0
2010-02-18,0,160511.0
2010-02-19,0,160698.0
2010-02-20,0,160885.0
2010-02-21,0,161098.0
2010-02-22,0,161286.0
2010-02-23,0,161530.0
2010-02-24,0,161692.0
2010-02-25,0,161962.0
2010-02-26,0,162287.0
2010-02-27,0,163234.0
2010-02-28,0,166379.0
2010-03-01,0,167736.0
2010-03-02,0,168624.0
2010-03-03,0,169290.0
2010-03-04,0,169934.0
2010-03-05,0,170496.0
2010-03-06,0,171001.0
2010-03-07,0,171367.0
2010-03-08,0,171816.0
2010-03-09,0,172069.0
2010-03-10,0,172379.0
2010-03-11,0,172691.0
2010-03-12,0,172946.0
2010-03-13,0,173201.0
2010-03-14,0,173456.0
2010-03-15,0,173711.0
2010-03-16,0,173910.0
2010-03-17,0,174080.0
2010-03-18,0,174222.0
2010-03-19,0,174392.0
2010-03-20,0,174505.0
2010-03-21,0,174647.0
2010-03-22,0,174789.0
2010-03-23,0,174902.0
2010-03-24,0,174987.0
2010-03-25,0,175072.0
2010-03-26,0,175129.0
2010-03-27,0,175272.0
2010-03-28,0,175244.0
2010-03-29,0,175272.0
2010-03-30,0,175329.0
2010-03-31,0,175301.0
2010-04-01,0,175158.0
2010-04-02,0,174987.0
2010-04-03,0,174817.0
2010-04-04,0,174732.0
2010-04-05,0,174675.0
2010-04-06,0,174618.0
2010-04-07,0,174618.0
2010-04-08,0,174590.0
2010-04-09,0,174562.0
2010-04-10,0,174562.0
2010-04-11,0,174477.0
2010-04-12,0,175272.0
2010-04-13,0,176073.0
2010-04-14,0,176387.0
2010-04-15,0,176587.0
2010-04-16,0,176759.0
2010-04-17,0,176902.0
2010-04-18,0,177045.0
2010-04-19,0,177130.0
2010-04-20,0,177216.0
2010-04-21,0,177388.0
2010-04-22,0,177531.0
2010-04-23,0,177674.0
2010-04-24,0,177759.0
2010-04-25,0,177874.0
2010-04-26,0,177931.0
2010-04-27,0,178017.0
2010-04-28,0,178075.0
2010-04-29,0,178046.0
2010-04-30,0,178017.0
2010-05-01,0,177989.0
2010-05-02,0,178017.0
2010-05-03,0,178017.0
2010-05-04,0,177989.0
2010-05-05,0,177931.0
2010-05-06,0,177902.0
2010-05-07,0,177845.0
2010-05-08,0,177731.0
2010-05-09,0,177645.0
2010-05-10,0,177559.0
2010-05-11,0,177474.0
2010-05-12,0,177416.0
2010-05-13,0,177331.0
2010-05-14,0,177245.0
2010-05-15,0,177188.0
2010-05-16,0,177102.0
2010-05-17,0,177045.0
2010-05-18,0,177016.0
2010-05-19,0,176988.0
2010-05-20,0,176930.0
2010-05-22,0,176702.0
2010-05-23,0,176530.0
2010-05-24,0,176444.0
2010-05-25,0,176387.0
2010-05-26,0,176301.0
2010-05-27,0,176244.0
2010-05-29,0,176044.0
2010-05-30,0,175930.0
2010-05-31,0,175844.0
2010-06-01,0,175730.0
2010-06-02,0,175615.0
2010-06-03,0,175529.0
2010-06-04,0,175386.0
2010-06-06,0,175158.0
2010-06-07,0,175044.0
2010-06-08,0,174930.0
2010-06-09,0,174817.0
2010-06-10,0,174675.0
2010-06-11,0,174505.0
2010-06-12,0,174363.0
2010-06-13,0,174222.0
2010-06-14,0,174108.0
2010-06-15,0,173995.0
2010-06-16,0,173825.0
2010-06-17,0,173711.0
2010-06-18,0,173541.0
2010-06-19,0,173399.0
2010-06-20,0,173258.0
2010-06-21,0,173144.0
2010-06-22,0,173031.0
2010-06-23,0,172889.0
2010-06-24,0,172776.0
2010-06-25,0,172634.0
2010-06-26,0,172464.0
2010-06-27,0,172322.0
2010-06-28,0,172209.0
2010-06-29,0,172069.0
2010-06-30,0,171900.0
2010-07-01,0,171732.0
2010-07-02,0,171563.0
2010-07-03,0,171395.0
2010-07-04,0,171226.0
2010-07-05,0,171086.0
2010-07-06,0,170917.0
2010-07-07,0,170805.0
2010-07-08,0,170665.0
2010-07-09,0,170524.0
2010-07-10,0,170384.0
2010-07-11,0,170271.0
2010-07-12,0,170187.0
2010-07-13,0,170103.0
2010-07-14,0,169963.0
2010-07-15,0,169822.0
2010-07-16,0,169654.0
2010-07-17,0,169485.0
2010-07-18,0,169346.0
2010-07-19,0,169207.0
2010-07-20,0,169096.0
2010-07-21,0,168929.0
2010-07-22,0,168791.0
2010-07-23,0,168652.0
2010-07-24,0,168485.0
2010-07-25,0,168374.0
2010-07-26,0,168235.0
2010-07-27,0,168097.0
2010-07-30,0,167652.0
2010-07-31,0,167514.0
2010-08-01,0,167375.0
2010-08-02,0,167264.0
2010-08-03,0,166875.0
2010-08-04,0,166434.0
2010-08-05,0,166022.0
2010-08-06,0,165583.0
2010-08-07,0,165144.0
2010-08-08,0,164733.0
2010-08-09,0,164321.0
2010-08-10,0,163937.0
2010-08-11,0,163558.0
2010-08-12,0,163288.0
2010-08-13,0,163017.0
2010-08-14,0,162774.0
2010-08-15,0,162558.0
2010-08-16,0,162368.0
2010-08-17,0,162125.0
2010-08-18,0,161881.0
2010-08-19,0,161692.0
2010-08-20,0,161476.0
2010-08-21,0,161232.0
2010-08-22,0,160991.0
2010-08-23,0,160805.0
2010-08-24,0,160591.0
2010-08-25,0,160377.0
2010-08-26,0,160137.0
2010-08-27,0,159897.0
2010-08-28,0,159630.0
2010-08-29,0,159416.0
2010-08-30,0,159149.0
2010-08-31,0,158882.0
2010-09-01,0,158695.0
2010-09-02,0,158482.0
2010-09-03,0,158271.0
2010-09-04,0,158034.0
2010-09-05,0,157797.0
2010-09-06,0,157586.0
2010-09-07,0,157348.0
2010-09-08,0,157137.0
2010-09-09,0,156900.0
2010-09-10,0,156663.0
2010-09-11,0,156452.0
2010-09-12,0,156267.0
2010-09-13,0,156056.0
2010-09-14,0,155846.0
2010-09-15,0,155690.0
2010-09-16,0,155533.0
2010-09-17,0,155351.0
2010-09-18,0,155143.0
2010-09-19,0,154960.0
2010-09-20,0,154804.0
2010-09-21,0,154648.0
2010-09-22,0,154439.0
2010-09-23,0,154257.0
2010-09-24,0,154075.0
2010-09-26,0,153632.0
2010-09-27,0,153501.0
2010-09-28,0,153267.0
2010-09-29,0,153061.0
2010-09-30,0,152855.0
2010-10-01,0,152675.0
2010-10-02,0,152468.0
2010-10-03,0,152314.0
2010-10-04,0,152133.0
2010-10-05,0,151953.0
2010-10-06,0,151927.0
2010-10-07,0,151798.0
2010-10-08,0,151695.0
2010-10-09,0,151566.0
2010-10-10,0,151438.0
2010-10-11,0,151283.0
2010-10-12,0,151128.0
2010-10-13,0,150974.0
2010-10-14,0,150845.0
2010-10-15,0,150691.0
2010-10-16,0,150563.0
2010-10-17,0,150461.0
2010-10-18,0,150385.0
2010-10-19,0,150308.0
2010-10-20,0,150257.0
2010-10-21,0,150155.0
2010-10-22,0,150054.0
2010-10-23,0,149952.0
2010-10-24,0,149875.0
2010-10-25,0,149722.0
2010-10-26,0,149646.0
2010-10-27,0,149518.0
2010-10-28,0,149417.0
2010-10-29,0,149264.0
2010-10-30,0,149264.0
2010-10-31,0,149111.0
2010-11-01,0,149034.0
2010-11-02,0,148932.0
2010-11-03,0,148856.0
2010-11-04,0,148754.0
2010-11-05,0,148652.0
2010-11-06,0,148525.0
2010-11-07,0,148372.0
2010-11-08,0,148295.0
2010-11-09,0,148219.0
2010-11-10,0,148118.0
2010-11-11,0,147992.0
2010-11-12,0,147891.0
2010-11-13,0,147765.0
2010-11-14,0,147614.0
2010-11-15,0,147514.0
2010-11-16,0,147413.0
2010-11-17,0,147262.0
2010-11-18,0,147187.0
2010-11-19,0,147086.0
2010-11-20,0,147086.0
2010-11-21,0,147187.0
2010-11-22,0,147136.0
2010-11-23,0,147061.0
2010-11-24,0,146985.0
2010-11-25,0,146910.0
2010-11-26,0,146860.0
2010-11-27,0,146784.0
2010-11-30,0,146533.0
2010-12-04,0,146180.0
2010-12-05,0,146080.0
2010-12-06,0,146105.0
2010-12-07,0,146029.0
2010-12-08,0,145929.0
2010-12-09,0,145878.0
2010-12-10,0,145853.0
2010-12-11,0,145803.0
2010-12-12,0,145727.0
2010-12-13,0,145652.0
2010-12-14,0,145577.0
2010-12-15,0,145478.0
2010-12-16,0,145428.0
2010-12-17,0,145503.0
2010-12-18,0,145652.0
2010-12-19,0,146281.0
2010-12-20,0,149544.0
2010-12-21,0,151773.0
2010-12-22,0,153840.0
2010-12-23,0,159416.0
2010-12-24,0,161152.0
2010-12-25,0,162125.0
2010-12-26,0,162936.0
2010-12-27,0,163721.0
2010-12-28,0,164212.0
2010-12-29,0,164843.0
2010-12-30,0,165858.0
2010-12-31,0,166543.0
2011-01-01,0,167069.0
2011-01-02,0,167652.0
2011-01-03,0,168430.0
2011-01-04,0,169235.0
2011-01-05,0,169822.0
2011-01-06,0,170299.0
2011-01-07,0,170749.0
2011-01-08,0,171142.0
2011-01-09,0,171507.0
2011-01-10,0,171844.0
2011-01-11,0,172097.0
2011-01-12,0,172407.0
2011-01-13,0,172662.0
2011-01-14,0,172917.0
2011-01-15,0,173144.0
2011-01-16,0,173399.0
2011-01-17,0,173541.0
2011-01-18,0,173740.0
2011-01-19,0,173938.0
2011-01-20,0,174108.0
2011-01-21,0,174250.0
2011-01-22,0,174392.0
2011-01-23,0,174562.0
2011-01-24,0,174703.0
2011-01-25,0,174845.0
2011-01-26,0,174959.0
2011-01-27,0,175072.0
2011-01-28,0,175158.0
2011-01-29,0,175272.0
2011-01-30,0,175386.0
2011-01-31,0,175558.0
2011-02-01,0,175701.0
2011-02-02,0,175815.0
2011-02-03,0,175930.0
2011-02-04,0,176044.0
2011-02-05,0,176130.0
2011-02-06,0,176216.0
2011-02-07,0,176273.0
2011-02-08,0,176330.0
2011-02-09,0,176359.0
2011-02-10,0,176387.0
2011-02-11,0,176416.0
2011-02-12,0,176416.0
2011-02-13,0,176444.0
2011-02-14,0,176502.0
2011-02-15,0,176530.0
2011-02-16,0,176616.0
2011-02-17,0,176730.0
2011-02-18,0,176873.0
2011-02-19,0,177416.0
2011-02-20,0,177874.0
2011-02-21,0,178219.0
2011-02-22,0,178478.0
2011-02-23,0,178680.0
2011-02-24,0,178882.0
2011-02-25,0,179026.0
2011-02-26,0,179948.0
2011-02-27,0,181131.0
2011-02-28,0,181770.0
2011-03-01,0,182234.0
2011-03-02,0,182756.0
2011-03-03,0,183279.0
2011-03-04,0,183919.0
2011-03-05,0,184445.0
2011-03-06,0,184854.0
2011-03-07,0,185233.0
2011-03-08,0,185672.0
2011-03-09,0,185964.0
2011-03-10,0,186227.0
2011-03-11,0,186461.0
2011-03-12,0,186724.0
2011-03-13,0,186930.0
2011-03-14,0,187136.0
2011-03-15,0,187284.0
2011-03-16,0,187460.0
2011-03-17,0,187666.0
2011-03-18,0,187784.0
2011-03-19,0,187990.0
2011-03-20,0,191007.0
2011-03-21,0,194368.0
2011-03-22,0,192344.0
2011-03-23,0,190977.0
2011-03-24,0,191007.0
2011-03-25,0,191631.0
2011-03-26,0,191958.0
2011-03-27,0,191868.0
2011-03-28,0,192734.0
2011-03-29,0,194216.0
2011-03-30,0,195457.0
2011-03-31,0,195548.0
2011-04-01,0,195427.0
2011-04-02,0,195336.0
2011-04-03,0,195306.0
2011-04-04,0,195336.0
2011-04-05,0,195396.0
2011-04-06,0,195396.0
2011-04-07,0,195366.0
2011-04-08,0,195396.0
2011-04-09,0,195457.0
2011-04-10,0,195427.0
2011-04-11,0,195427.0
2011-04-12,0,195396.0
2011-04-13,0,195366.0
2011-04-14,0,195427.0
2011-04-15,0,195517.0
2011-04-16,0,195427.0
2011-04-17,0,195306.0
2011-04-18,0,195275.0
2011-04-19,0,195245.0
2011-04-20,0,195275.0
2011-04-21,0,195336.0
2011-04-22,0,195396.0
2011-04-23,0,195457.0
2011-04-24,0,195396.0
2011-04-25,0,195366.0
2011-04-26,0,195245.0
2011-04-27,0,195336.0
2011-04-28,0,195336.0
2011-04-29,0,195306.0
2011-04-30,0,195396.0
2011-05-01,0,195427.0
2011-05-02,0,195457.0
2011-05-03,0,195457.0
2011-05-04,0,195517.0
2011-05-05,0,195578.0
2011-05-06,0,195548.0
2011-05-07,0,195517.0
2011-05-08,0,195457.0
2011-05-09,0,195396.0
2011-05-10,0,195366.0
2011-05-11,0,195366.0
2011-05-12,0,195396.0
2011-05-13,0,195396.0
2011-05-14,0,195427.0
2011-05-15,0,195427.0
2011-05-16,0,195366.0
2011-05-17,0,195396.0
2011-05-18,0,195487.0
2011-05-19,0,195609.0
2011-05-20,0,195701.0
2011-05-21,0,195763.0
2011-05-22,0,195732.0
2011-05-23,0,195732.0
2011-05-24,0,195671.0
2011-05-25,0,195671.0
2011-05-26,0,195609.0
2011-05-27,0,195578.0
2011-05-28,0,195517.0
2011-05-29,0,195396.0
2011-05-30,0,195427.0
2011-05-31,0,195396.0
2011-06-01,0,195336.0
2011-06-02,0,195245.0
2011-06-03,0,195215.0
2011-06-04,0,195154.0
2011-06-05,0,195124.0
2011-06-06,0,195215.0
2011-06-07,0,195245.0
2011-06-08,0,195306.0
2011-06-09,0,195336.0
2011-06-10,0,195366.0
2011-06-11,0,195336.0
2011-06-12,0,195336.0
2011-06-13,0,195306.0
2011-06-14,0,195306.0
2011-06-15,0,195245.0
2011-06-16,0,195185.0
2011-06-17,0,195124.0
2011-06-18,0,195094.0
2011-06-19,0,195033.0
2011-06-20,0,195003.0
2011-06-21,0,194973.0
2011-06-22,0,194882.0
2011-06-23,0,194791.0
2011-06-24,0,194731.0
2011-06-25,0,194640.0
2011-06-26,0,194549.0
2011-06-27,0,194458.0
2011-06-28,0,194368.0
2011-06-29,0,194216.0
2011-06-30,0,194065.0
2011-07-01,0,193944.0
2011-07-02,0,193823.0
2011-07-03,0,193672.0
2011-07-04,0,193581.0
2011-07-05,0,193460.0
2011-07-06,0,193339.0
2011-07-07,0,193187.0
2011-07-08,0,193006.0
2011-07-09,0,192855.0
2011-07-10,0,192673.0
2011-07-11,0,192522.0
2011-07-12,0,192374.0
2011-07-13,0,192285.0
2011-07-14,0,192076.0
2011-07-15,0,191958.0
2011-07-17,0,191750.0
2011-07-18,0,191660.0
2011-07-19,0,191542.0
2011-07-20,0,191393.0
2011-07-21,0,191244.0
2011-07-22,0,191125.0
2011-07-23,0,191036.0
2011-07-24,0,190947.0
2011-07-25,0,190828.0
2011-07-26,0,190709.0
2011-07-27,0,190531.0
2011-07-28,0,190353.0
2011-07-29,0,190234.0
2011-07-30,0,190085.0
2011-07-31,0,189937.0
2011-08-01,0,189847.0
2011-08-02,0,189669.0
2011-08-03,0,189492.0
2011-08-04,0,189315.0
2011-08-05,0,189138.0
2011-08-06,0,188962.0
2011-08-07,0,188844.0
2011-08-08,0,188697.0
2011-08-09,0,188520.0
2011-08-10,0,188373.0
2011-08-11,0,188226.0
2011-08-12,0,188108.0
2011-08-13,0,187961.0
2011-08-14,0,187814.0
2011-08-15,0,187666.0
2011-08-16,0,187490.0
2011-08-17,0,187343.0
2011-08-18,0,187166.0
2011-08-19,0,186989.0
2011-08-20,0,186813.0
2011-08-21,0,186636.0
2011-08-22,0,186519.0
2011-08-23,0,186402.0
2011-08-24,0,186256.0
2011-08-25,0,186110.0
2011-08-26,0,185935.0
2011-08-27,0,185759.0
2011-08-28,0,185613.0
2011-08-29,0,185526.0
2011-08-30,0,185350.0
2011-08-31,0,185175.0
2011-09-01,0,185000.0
2011-09-02,0,184824.0
2011-09-03,0,184678.0
2011-09-04,0,184532.0
2011-09-05,0,184415.0
2011-09-06,0,184269.0
2011-09-07,0,184123.0
2011-09-08,0,183948.0
2011-09-09,0,183714.0
2011-09-10,0,183540.0
2011-09-11,0,183424.0
2011-09-12,0,183337.0
2011-09-13,0,183163.0
2011-09-14,0,182989.0
2011-09-15,0,182843.0
2011-09-16,0,182727.0
2011-09-17,0,182582.0
2011-09-18,0,182495.0
2011-09-19,0,182408.0
2011-09-20,0,182263.0
2011-09-21,0,182118.0
2011-09-22,0,181973.0
2011-09-23,0,181857.0
2011-09-24,0,181770.0
2011-09-25,0,181625.0
2011-09-26,0,181508.0
2011-09-27,0,181363.0
2011-09-28,0,181247.0
2011-09-29,0,181102.0
2011-09-30,0,180986.0
2011-10-01,0,180870.0
2011-10-02,0,180754.0
2011-10-03,0,180639.0
2011-10-04,0,180495.0
2011-10-05,0,180437.0
2011-10-06,0,180380.0
2011-10-07,0,180293.0
2011-10-08,0,180178.0
2011-10-09,0,180092.0
2011-10-10,0,180005.0
2011-10-11,0,179890.0
2011-10-12,0,179832.0
2011-10-13,0,179717.0
2011-10-14,0,179573.0
2011-10-15,0,179400.0
2011-10-16,0,179285.0
2011-10-17,0,179199.0
2011-10-18,0,179055.0
2011-10-19,0,178939.0
2011-10-20,0,178824.0
2011-10-21,0,178680.0
2011-10-22,0,178622.0
2011-10-23,0,178536.0
2011-10-24,0,178392.0
2011-10-25,0,178248.0
2011-10-26,0,178161.0
2011-10-27,0,178075.0
2011-10-28,0,177902.0
2011-10-29,0,177759.0
2011-10-30,0,177645.0
2011-10-31,0,177502.0
2011-11-01,0,177359.0
2011-11-02,0,177245.0
2011-11-03,0,177130.0
2011-11-04,0,177016.0
2011-11-05,0,176873.0
2011-11-06,0,176759.0
2011-11-07,0,176644.0
2011-11-08,0,176530.0
2011-11-09,0,176444.0
2011-11-10,0,176330.0
2011-11-11,0,176273.0
2011-11-12,0,176387.0
2011-11-13,0,176330.0
2011-11-14,0,176244.0
2011-11-15,0,176158.0
2011-11-16,0,176101.0
2011-11-17,0,176015.0
2011-11-18,0,175958.0
2011-11-19,0,175873.0
2011-11-21,0,176044.0
2011-11-22,0,175987.0
2011-11-23,0,175930.0
2011-11-24,0,175901.0
2011-11-25,0,175815.0
2011-11-26,0,175730.0
2011-11-27,0,175672.0
2011-11-28,0,175587.0
2011-11-29,0,175529.0
2011-11-30,0,175472.0
2011-12-01,0,175329.0
2011-12-02,0,175301.0
2011-12-03,0,175186.0
2011-12-04,0,175158.0
2011-12-05,0,175044.0
2011-12-06,0,174987.0
2011-12-07,0,174902.0
2011-12-08,0,174817.0
2011-12-09,0,174675.0
2011-12-10,0,174618.0
2011-12-11,0,174533.0
2011-12-12,0,174477.0
2011-12-13,0,174448.0
2011-12-14,0,174392.0
2011-12-15,0,174335.0
2011-12-16,0,174278.0
2011-12-17,0,174250.0
2011-12-18,0,174193.0
2011-12-19,0,174136.0
2011-12-20,0,174080.0
2011-12-21,0,173995.0
2011-12-22,0,173938.0
2011-12-23,0,173881.0
2011-12-24,0,173796.0
2011-12-25,0,173711.0
2011-12-26,0,173598.0
2011-12-27,0,173541.0
2011-12-28,0,173399.0
2011-12-29,0,173343.0
2011-12-30,0,173258.0
2011-12-31,0,173144.0
2012-01-01,0,173059.0
2012-01-02,0,172974.0
2012-01-03,0,172917.0
2012-01-04,0,172861.0
2012-01-06,0,172662.0
2012-01-07,0,172549.0
2012-01-08,0,172464.0
2012-01-09,0,172350.0
2012-01-10,0,172237.0
2012-01-11,0,172181.0
2012-01-12,0,172069.0
2012-01-13,0,171956.0
2012-01-14,0,171844.0
2012-01-15,0,171732.0
2012-01-16,0,171619.0
2012-01-18,0,171423.0
2012-01-19,0,171310.0
2012-01-20,0,171226.0
2012-01-21,0,171367.0
2012-01-22,0,171338.0
2012-01-23,0,171367.0
2012-01-24,0,171423.0
2012-01-25,0,171423.0
2012-01-26,0,171395.0
2012-01-27,0,171282.0
2012-01-28,0,171254.0
2012-01-29,0,171226.0
2012-01-30,0,171170.0
2012-01-31,0,171086.0
2012-02-01,0,171001.0
2012-02-02,0,170945.0
2012-02-03,0,170833.0
2012-02-04,0,170777.0
2012-02-05,0,170693.0
2012-02-06,0,170665.0
2012-02-07,0,170580.0
2012-02-08,0,170524.0
2012-02-09,0,170468.0
2012-02-10,0,170328.0
2012-02-11,0,170271.0
2012-02-12,0,170159.0
2012-02-13,0,170075.0
2012-02-14,0,170019.0
2012-02-15,0,169906.0
2012-02-16,0,169878.0
2012-02-17,0,169766.0
2012-02-18,0,169682.0
2012-02-19,0,169597.0
2012-02-20,0,169485.0
2012-02-21,0,169401.0
2012-02-22,0,169318.0
2012-02-23,0,169207.0
2012-02-24,0,169151.0
2012-02-25,0,169040.0
2012-02-26,0,168929.0
2012-02-27,0,168846.0
2012-02-28,0,168791.0
2012-02-29,0,168707.0
2012-03-01,0,168596.0
2012-03-02,0,168485.0
2012-03-03,0,168402.0
2012-03-04,0,168291.0
2012-03-05,0,168180.0
2012-03-06,0,168041.0
2012-03-07,0,167958.0
2012-03-08,0,167819.0
2012-03-09,0,167708.0
2012-03-10,0,167541.0
2012-03-11,0,167403.0
2012-03-12,0,167319.0
2012-03-13,0,167208.0
2012-03-14,0,167125.0
2012-03-15,0,167042.0
2012-03-16,0,166958.0
2012-03-17,0,167375.0
2012-03-18,0,167541.0
2012-03-19,0,167541.0
2012-03-20,0,167458.0
2012-03-21,0,167403.0
2012-03-22,0,167375.0
2012-03-23,0,167319.0
2012-03-24,0,167291.0
2012-03-25,0,167403.0
2012-03-26,0,167486.0
2012-03-27,0,167486.0
2012-03-28,0,167458.0
2012-03-29,0,167430.0
2012-03-30,0,167403.0
2012-03-31,0,167403.0
2012-04-01,0,167347.0
2012-04-02,0,167347.0
2012-04-03,0,167264.0
2012-04-04,0,167180.0
2012-04-05,0,167125.0
2012-04-06,0,167014.0
2012-04-07,0,166958.0
2012-04-08,0,166847.0
2012-04-09,0,166792.0
2012-04-10,0,166736.0
2012-04-11,0,166958.0
2012-04-12,0,167014.0
2012-04-13,0,167208.0
2012-04-14,0,167569.0
2012-04-15,0,167680.0
2012-04-16,0,167763.0
2012-04-17,0,167819.0
2012-04-18,0,167819.0
2012-04-19,0,167791.0
2012-04-20,0,167680.0
2012-04-21,0,167819.0
2012-04-22,0,167763.0
2012-04-23,0,167736.0
2012-04-24,0,167736.0
2012-04-25,0,167708.0
2012-04-26,0,167736.0
2012-04-27,0,167708.0
2012-04-28,0,167708.0
2012-04-29,0,167652.0
2012-04-30,0,167597.0
2012-05-01,0,167569.0
2012-05-02,0,167514.0
2012-05-03,0,167458.0
2012-05-04,0,167403.0
2012-05-05,0,167319.0
2012-05-06,0,167236.0
2012-05-07,0,167153.0
2012-05-08,0,167042.0
2012-05-09,0,166958.0
2012-05-10,0,166847.0
2012-05-11,0,166736.0
2012-05-12,0,166598.0
2012-05-13,0,166516.0
2012-05-14,0,166434.0
2012-05-15,0,166296.0
2012-05-16,0,166159.0
2012-05-17,0,166050.0
2012-05-18,0,165912.0
2012-05-19,0,165775.0
2012-05-20,0,165666.0
2012-05-21,0,165556.0
2012-05-22,0,165446.0
2012-05-23,0,165227.0
2012-05-24,0,165062.0
2012-05-25,0,164870.0
2012-05-26,0,164678.0
2012-05-27,0,164513.0
2012-05-28,0,164404.0
2012-05-29,0,164267.0
2012-05-30,0,164102.0
2012-05-31,0,163992.0
2012-06-01,0,163829.0
2012-06-02,0,163667.0
2012-06-03,0,163477.0
2012-06-04,0,163342.0
2012-06-05,0,163126.0
2012-06-06,0,162990.0
2012-06-07,0,162801.0
2012-06-08,0,162666.0
2012-06-09,0,162476.0
2012-06-10,0,162287.0
2012-06-11,0,162071.0
2012-06-12,0,161881.0
2012-06-13,0,161692.0
2012-06-14,0,161530.0
2012-06-15,0,161421.0
2012-06-16,0,161313.0
2012-06-17,0,161178.0
2012-06-18,0,161045.0
2012-06-19,0,160911.0
2012-06-20,0,160751.0
2012-06-21,0,160618.0
2012-06-22,0,160431.0
2012-06-23,0,160324.0
2012-06-24,0,160110.0
2012-06-25,0,159950.0
2012-06-26,0,159790.0
2012-06-27,0,159576.0
2012-06-28,0,159389.0
2012-06-29,0,159176.0
2012-06-30,0,159016.0
2012-07-01,0,158829.0
2012-07-02,0,158695.0
2012-07-03,0,158509.0
2012-07-04,0,158298.0
2012-07-05,0,158166.0
2012-07-06,0,158008.0
2012-07-07,0,157849.0
2012-07-08,0,157665.0
2012-07-09,0,157507.0
2012-07-10,0,157348.0
2012-07-11,0,157164.0
2012-07-12,0,156979.0
2012-07-13,0,156795.0
2012-07-14,0,156636.0
2012-07-15,0,156452.0
2012-07-16,0,156294.0
2012-07-17,0,156135.0
2012-07-18,0,155977.0
2012-07-19,0,155794.0
2012-07-20,0,155638.0
2012-07-21,0,155455.0
2012-07-22,0,155247.0
2012-07-23,0,155090.0
2012-07-24,0,154908.0
2012-07-25,0,154726.0
2012-07-26,0,154543.0
2012-07-27,0,154361.0
2012-07-28,0,154179.0
2012-07-29,0,154022.0
2012-07-30,0,153866.0
2012-07-31,0,153684.0
2012-08-01,0,153475.0
2012-08-02,0,153267.0
2012-08-03,0,153087.0
2012-08-04,0,152881.0
2012-08-05,0,152726.0
2012-08-06,0,152546.0
2012-08-07,0,152391.0
2012-08-08,0,152159.0
2012-08-09,0,151979.0
2012-08-10,0,151773.0
2012-08-11,0,151592.0
2012-08-12,0,151386.0
2012-08-13,0,151231.0
2012-08-14,0,151025.0
2012-08-15,0,150819.0
2012-08-16,0,150640.0
2012-08-17,0,150436.0
2012-08-18,0,150283.0
2012-08-19,0,150130.0
2012-08-20,0,149952.0
2012-08-21,0,149773.0
2012-08-22,0,149595.0
2012-08-23,0,149417.0
2012-08-24,0,149264.0
2012-08-25,0,149085.0
2012-08-26,0,148932.0
2012-08-27,0,148830.0
2012-08-28,0,148601.0
2012-08-29,0,148397.0
2012-08-30,0,148193.0
2012-08-31,0,147992.0
2012-09-01,0,147816.0
2012-09-02,0,147614.0
2012-09-03,0,147438.0
2012-09-04,0,147262.0
2012-09-05,0,147086.0
2012-09-06,0,146910.0
2012-09-07,0,146809.0
2012-09-08,0,146658.0
2012-09-09,0,146482.0
2012-09-10,0,146331.0
2012-09-11,0,146155.0
2012-09-12,0,145979.0
2012-09-13,0,145828.0
2012-09-14,0,145627.0
2012-09-15,0,145478.0
2012-09-16,0,145304.0
2012-09-17,0,145155.0
2012-09-18,0,144981.0
2012-09-19,0,144832.0
2012-09-20,0,144658.0
2012-09-21,0,144484.0
2012-09-22,0,144334.0
2012-09-23,0,144160.0
2012-09-24,0,144011.0
2012-09-25,0,143788.0
2012-09-26,0,143613.0
2012-09-27,0,143464.0
2012-09-28,0,143315.0
2012-09-29,0,143166.0
2012-09-30,0,142970.0
2012-10-01,0,142872.0
2012-10-02,0,142700.0
2012-10-03,0,142553.0
2012-10-04,0,142332.0
2012-10-05,0,142160.0
2012-10-06,0,141964.0
2012-10-07,0,141841.0
2012-10-08,0,141718.0
2012-10-09,0,141546.0
2012-10-10,0,141399.0
2012-10-11,0,141252.0
2012-10-12,0,141129.0
2012-10-13,0,141006.0
2012-10-14,0,140859.0
2012-10-15,0,140712.0
2012-10-16,0,140591.0
2012-10-17,0,140421.0
2012-10-18,0,140300.0
2012-10-19,0,140107.0
2012-10-20,0,139986.0
2012-10-21,0,139865.0
2012-10-22,0,139768.0
2012-10-23,0,139647.0
2012-10-24,0,139502.0
2012-10-25,0,139332.0
2012-10-26,0,139114.0
2012-10-28,0,138848.0
2012-10-29,0,138727.0
2012-10-30,0,138606.0
2012-10-31,0,138509.0
2012-11-01,0,138412.0
2012-11-02,0,138267.0
2012-11-03,0,138171.0
2012-11-04,0,138075.0
2012-11-05,0,137955.0
2012-11-06,0,137836.0
2012-11-07,0,137644.0
2012-11-08,0,137476.0
2012-11-09,0,137356.0
2012-11-10,0,137236.0
2012-11-11,0,137093.0
2012-11-12,0,136973.0
2012-11-13,0,136877.0
2012-11-14,0,136781.0
2012-11-15,0,136661.0
2012-11-16,0,136565.0
2012-11-17,0,136541.0
2012-11-18,0,136565.0
2012-11-19,0,136565.0
2012-11-20,0,136493.0
2012-11-21,0,136421.0
2012-11-22,0,136397.0
2012-11-23,0,136373.0
2012-11-24,0,136325.0
2012-11-26,0,136206.0
2012-11-27,0,136110.0
2012-11-28,0,136134.0
2012-11-29,0,136038.0
2012-11-30,0,136062.0
2012-12-01,0,136014.0
2012-12-02,0,136014.0
2012-12-03,0,136110.0
2012-12-04,0,136062.0
2012-12-05,0,135990.0
2012-12-06,0,135966.0
2012-12-07,0,135918.0
2012-12-08,0,135847.0
2012-12-09,0,135775.0
2012-12-10,0,135752.0
2012-12-19,0,135301.0
2012-12-20,0,135254.0
2012-12-21,0,135159.0
2012-12-22,0,135135.0
2012-12-23,0,135064.0
2012-12-24,0,135064.0
2012-12-25,0,135088.0
2012-12-26,0,135040.0
2012-12-27,0,134969.0
2012-12-28,0,134946.0
2012-12-29,0,134922.0
2012-12-30,0,134922.0
2012-12-31,0,134851.0
2013-01-01,0,134827.0
2013-01-02,0,134803.0
2013-01-03,0,134709.0
2013-01-04,0,134661.0
2013-01-05,0,134566.0
2013-01-06,0,134566.0
2013-01-07,0,134543.0
2013-01-08,0,134471.0
2013-01-09,0,134424.0
2013-01-10,0,134305.0
2013-01-11,0,134282.0
2013-01-12,0,134211.0
2013-01-13,0,134163.0
2013-01-14,0,134068.0
2013-01-15,0,133973.0
2013-01-16,0,133902.0
2013-01-17,0,133831.0
2013-01-18,0,133760.0
2013-01-19,0,133642.0
2013-01-20,0,133547.0
2013-01-21,0,133453.0
2013-01-22,0,133359.0
2013-01-23,0,133265.0
2013-01-24,0,133288.0
2013-01-25,0,133335.0
2013-01-26,0,133406.0
2013-01-27,0,133359.0
2013-01-28,0,133288.0
2013-01-29,0,133241.0
2013-01-30,0,133147.0
2013-01-31,0,133101.0
2013-02-01,0,133054.0
2013-02-02,0,132983.0
2013-02-03,0,132913.0
2013-02-04,0,132889.0
2013-02-05,0,132795.0
2013-02-06,0,132702.0
2013-02-07,0,132655.0
2013-02-08,0,132561.0
2013-02-09,0,132537.0
2013-02-10,0,132443.0
2013-02-11,0,132396.0
2013-02-12,0,132303.0
2013-02-13,0,132162.0
2013-02-14,0,132091.0
2013-02-15,0,132021.0
2013-02-16,0,131927.0
2013-02-17,0,131810.0
2013-02-18,0,131716.0
2013-02-19,0,131598.0
2013-02-20,0,131528.0
2013-02-21,0,131458.0
2013-02-22,0,131387.0
2013-02-23,0,131317.0
2013-02-24,0,131199.0
2013-02-25,0,131130.0
2013-02-26,0,131014.0
2013-02-27,0,130921.0
2013-02-28,0,130759.0
2013-03-01,0,130666.0
2013-03-02,0,130504.0
2013-03-03,0,130365.0
2013-03-04,0,130273.0
2013-03-05,0,130226.0
2013-03-06,0,130157.0
2013-03-07,0,130064.0
2013-03-08,0,130134.0
2013-03-09,0,130041.0
2013-03-10,0,129972.0
2013-03-11,0,129902.0
2013-03-12,0,129786.0
2013-03-13,0,129717.0
2013-03-14,0,129647.0
2013-03-15,0,129555.0
2013-03-16,0,129462.0
2013-03-17,0,129393.0
2013-03-18,0,129323.0
2013-03-19,0,129231.0
2013-03-20,0,129161.0
2013-03-21,0,129068.0
2013-03-22,0,128953.0
2013-03-23,0,128883.0
2013-03-24,0,128746.0
2013-03-25,0,128654.0
2013-03-26,0,128540.0
2013-03-27,0,128426.0
2013-03-28,0,128334.0
2013-03-29,0,128243.0
2013-03-30,0,128128.0
2013-03-31,0,128060.0
2013-04-01,0,128037.0
2013-04-02,0,127946.0
2013-04-03,0,127900.0
2013-04-04,0,127786.0
2013-04-05,0,127694.0
2013-04-06,0,127580.0
2013-04-07,0,127443.0
2013-04-08,0,127283.0
2013-04-09,0,127146.0
2013-04-10,0,127077.0
2013-04-11,0,126940.0
2013-04-12,0,126803.0
2013-04-13,0,126688.0
2013-04-14,0,126551.0
2013-04-15,0,126461.0
2013-04-16,0,126325.0
2013-04-17,0,126235.0
2013-04-18,0,126145.0
2013-04-19,0,125986.0
2013-04-20,0,125828.0
2013-04-21,0,125715.0
2013-04-22,0,125602.0
2013-04-23,0,125489.0
2013-04-24,0,125376.0
2013-04-25,0,125241.0
2013-04-26,0,125128.0
2013-04-27,0,124969.0
2013-04-28,0,124856.0
2013-04-29,0,124766.0
2013-04-30,0,124653.0
2013-05-01,0,124563.0
2013-05-02,0,124450.0
2013-05-03,0,124314.0
2013-05-04,0,124202.0
2013-05-05,0,124090.0
2013-05-06,0,123889.0
2013-05-07,0,123777.0
2013-05-08,0,123710.0
2013-05-09,0,123598.0
2013-05-10,0,123442.0
2013-05-11,0,123353.0
2013-05-13,0,123151.0
2013-05-14,0,123039.0
2013-05-15,0,122883.0
2013-05-16,0,122726.0
2013-05-17,0,122592.0
2013-05-18,0,122413.0
2013-05-19,0,122302.0
2013-05-20,0,122190.0
2013-05-21,0,122078.0
2013-05-22,0,121900.0
2013-05-23,0,121700.0
2013-05-24,0,121523.0
2013-05-25,0,121367.0
2013-05-26,0,121211.0
2013-05-27,0,121123.0
2013-05-28,0,120989.0
2013-05-29,0,120834.0
2013-05-30,0,120634.0
2013-05-31,0,120478.0
2013-06-01,0,120278.0
2013-06-02,0,120145.0
2013-06-03,0,120034.0
2013-06-04,0,119923.0
2013-06-05,0,119812.0
2013-06-06,0,119659.0
2013-06-07,0,119549.0
2013-06-08,0,119396.0
2013-06-09,0,119330.0
2013-06-10,0,119330.0
2013-06-11,0,119133.0
2013-06-12,0,118979.0
2013-06-13,0,118826.0
2013-06-14,0,118650.0
2013-06-15,0,118497.0
2013-06-16,0,118344.0
2013-06-17,0,118190.0
2013-06-18,0,118015.0
2013-06-19,0,117839.0
2013-06-20,0,117664.0
2013-06-21,0,117470.0
2013-06-22,0,117277.0
2013-06-23,0,117104.0
2013-06-24,0,116997.0
2013-06-25,0,116868.0
2013-06-26,0,116717.0
2013-06-27,0,116545.0
2013-06-28,0,116351.0
2013-06-29,0,116201.0
2013-06-30,0,116007.0
2013-07-01,0,115856.0
2013-07-02,0,115706.0
2013-07-03,0,115555.0
2013-07-04,0,115384.0
2013-07-05,0,115193.0
2013-07-06,0,115023.0
2013-07-07,0,114853.0
2013-07-08,0,114704.0
2013-07-09,0,114534.0
2013-07-10,0,114342.0
2013-07-11,0,114151.0
2013-07-12,0,114023.0
2013-07-13,0,113874.0
2013-07-14,0,113725.0
2013-07-15,0,113534.0
2013-07-16,0,113091.0
2013-07-17,0,112650.0
2013-07-18,0,112166.0
2013-07-19,0,111704.0
2013-07-20,0,111243.0
2013-07-21,0,110786.0
2013-07-22,0,110372.0
2013-07-23,0,109916.0
2013-07-24,0,109501.0
2013-07-25,0,109068.0
2013-07-26,0,108638.0
2013-07-27,0,108229.0
2013-07-28,0,107820.0
2013-07-29,0,107432.0
2013-07-30,0,107085.0
2013-07-31,0,106762.0
2013-08-01,0,106419.0
2013-08-02,0,106116.0
2013-08-03,0,105813.0
2013-08-04,0,105510.0
2013-08-05,0,105248.0
2013-08-06,0,104947.0
2013-08-07,0,104648.0
2013-08-08,0,104369.0
2013-08-09,0,104069.0
2013-08-10,0,103810.0
2013-08-11,0,103570.0
2013-08-12,0,103351.0
2013-08-13,0,103131.0
2013-08-14,0,102914.0
2013-08-15,0,102717.0
2013-08-16,0,102500.0
2013-08-17,0,102264.0
2013-08-18,0,102047.0
2013-08-19,0,101810.0
2013-08-20,0,101554.0
2013-08-21,0,101278.0
2013-08-22,0,101023.0
2013-08-23,0,100731.0
2013-08-24,0,100478.0
2013-08-25,0,100244.0
2013-08-26,0,99991.0
2013-08-27,0,99718.0
2013-08-28,0,99445.0
2013-08-29,0,99193.0
2013-08-30,0,98942.0
2013-08-31,0,98711.0
2013-09-01,0,98480.0
2013-09-02,0,98211.0
2013-09-03,0,97980.0
2013-09-04,0,97691.0
2013-09-05,0,97422.0
2013-09-06,0,97173.0
2013-09-07,0,96926.0
2013-09-08,0,96679.0
2013-09-09,0,96489.0
2013-09-10,0,96280.0
2013-09-11,0,96052.0
2013-09-12,0,95824.0
2013-09-13,0,95596.0
2013-09-14,0,95387.0
2013-09-15,0,95162.0
2013-09-16,0,94956.0
2013-09-17,0,94731.0
2013-09-18,0,94487.0
2013-09-19,0,94319.0
2013-09-20,0,94112.0
2013-09-21,0,93906.0
2013-09-22,0,93700.0
2013-09-23,0,93494.0
2013-09-24,0,93272.0
2013-09-25,0,93069.0
2013-09-26,0,92791.0
2013-09-27,0,92588.0
2013-09-28,0,92366.0
2013-09-29,0,92125.0
2013-09-30,0,91922.0
2013-10-01,0,91681.0
2013-10-02,0,91462.0
2013-10-03,0,91224.0
2013-10-04,0,91005.0
2013-10-05,0,90768.0
2013-10-06,0,90530.0
2013-10-07,0,90292.0
2013-10-08,0,90073.0
2013-10-09,0,89872.0
2013-10-10,0,89709.0
2013-10-11,0,89511.0
2013-10-12,0,89312.0
2013-10-13,0,89113.0
2013-10-14,0,88951.0
2013-10-15,0,88770.0
2013-10-16,0,88571.0
2013-10-17,0,88390.0
2013-10-18,0,88173.0
2013-10-19,0,87994.0
2013-10-20,0,87780.0
2013-10-21,0,87620.0
2013-10-22,0,87424.0
2013-10-23,0,87228.0
2013-10-24,0,87032.0
2013-10-25,0,86854.0
2013-10-26,0,86693.0
2013-10-27,0,86533.0
2013-10-28,0,86426.0
2013-10-29,0,86302.0
2013-10-30,0,86161.0
2013-10-31,0,86021.0
2013-11-01,0,85881.0
2013-11-02,0,85724.0
2013-11-03,0,85549.0
2013-11-04,0,85392.0
2013-11-05,0,85234.0
2013-11-06,0,85077.0
2013-11-07,0,84884.0
2013-11-08,0,84692.0
2013-11-09,0,84500.0
2013-11-10,0,84345.0
2013-11-11,0,84172.0
2013-11-12,0,84000.0
2013-11-13,0,83828.0
2013-11-14,0,83656.0
2013-11-15,0,83483.0
2013-11-16,0,83311.0
2013-11-17,0,83121.0
2013-11-18,0,83001.0
2013-11-19,0,82828.0
2013-11-20,0,82692.0
2013-11-21,0,82607.0
2013-11-22,0,82488.0
2013-11-23,0,82369.0
2013-11-24,0,82250.0
2013-11-25,0,82165.0
2013-11-26,0,82063.0
2013-11-27,0,81978.0
2013-11-28,0,81876.0
2013-11-29,0,81825.0
2013-11-30,0,81757.0
2013-12-01,0,81689.0
2013-12-02,0,81604.0
2013-12-03,0,81536.0
2013-12-04,0,81451.0
2013-12-05,0,81349.0
2013-12-06,0,81247.0
2013-12-07,0,81196.0
2013-12-08,0,81128.0
2013-12-09,0,81060.0
2013-12-10,0,80977.0
2013-12-11,0,80909.0
2013-12-12,0,80826.0
2013-12-13,0,80758.0
2013-12-14,0,80675.0
2013-12-15,0,80591.0
2013-12-16,0,80507.0
2013-12-17,0,80389.0
2013-12-18,0,80322.0
2013-12-19,0,80171.0
2013-12-20,0,80070.0
2013-12-21,0,79970.0
2013-12-22,0,79886.0
2013-12-23,0,79785.0
2013-12-24,0,79701.0
2013-12-25,0,79584.0
2013-12-26,0,79500.0
2013-12-27,0,79416.0
2013-12-28,0,79300.0
2013-12-29,0,79200.0
2013-12-30,0,79134.0
2013-12-31,0,79001.0
2014-01-01,0,78869.0
2014-01-02,0,78786.0
2014-01-03,0,78669.0
2014-01-04,0,78570.0
2014-01-05,0,78504.0
2014-01-06,0,78421.0
2014-01-07,0,78321.0
2014-01-08,0,78255.0
2014-01-09,0,78122.0
2014-01-10,0,78039.0
2014-01-11,0,77956.0
2014-01-12,0,77857.0
2014-01-13,0,77774.0
2014-01-14,0,77675.0
2014-01-15,0,77544.0
2014-01-16,0,77429.0
2014-01-17,0,77298.0
2014-01-18,0,77184.0
2014-01-19,0,77069.0
2014-01-20,0,77004.0
2014-01-21,0,76954.0
2014-01-22,0,76889.0
2014-01-23,0,76840.0
2014-01-24,0,76807.0
2014-01-25,0,76709.0
2014-01-26,0,76676.0
2014-01-27,0,76643.0
2014-01-28,0,76578.0
2014-01-29,0,76529.0
2014-01-30,0,76512.0
2014-01-31,0,76447.0
2014-02-01,0,76414.0
2014-02-02,0,76381.0
2014-02-03,0,76397.0
2014-02-04,0,76348.0
2014-02-05,0,76316.0
2014-02-06,0,76316.0
2014-02-07,0,76348.0
2014-02-08,0,76348.0
2014-02-09,0,76365.0
2014-02-10,0,76348.0
2014-02-11,0,76316.0
2014-02-12,0,76332.0
2014-02-13,0,76332.0
2014-02-14,0,76283.0
2014-02-15,0,76217.0
2014-02-16,0,76168.0
2014-02-17,0,76168.0
2014-02-18,0,76152.0
2014-02-19,0,76103.0
2014-02-20,0,76119.0
2014-02-21,0,76087.0
2014-02-22,0,76039.0
2014-02-23,0,75990.0
2014-02-24,0,75942.0
2014-02-25,0,75910.0
2014-02-26,0,75894.0
2014-02-27,0,76022.0
2014-02-28,0,76397.0
2014-03-01,0,76807.0
2014-03-02,0,77364.0
2014-03-03,0,77462.0
2014-03-04,0,77495.0
2014-03-05,0,77528.0
2014-03-06,0,77544.0
2014-03-07,0,77528.0
2014-03-08,0,77544.0
2014-03-09,0,77577.0
2014-03-10,0,77560.0
2014-03-11,0,77544.0
2014-03-12,0,77495.0
2014-03-13,0,77446.0
2014-03-14,0,77446.0
2014-03-15,0,77429.0
2014-03-16,0,77397.0
2014-03-17,0,77364.0
2014-03-18,0,77298.0
2014-03-19,0,77266.0
2014-03-20,0,77233.0
2014-03-21,0,77184.0
2014-03-22,0,77151.0
2014-03-23,0,77135.0
2014-03-24,0,77135.0
2014-03-25,0,77102.0
2014-03-26,0,77085.0
2014-03-27,0,77069.0
2014-03-28,0,77053.0
2014-03-29,0,77004.0
2014-03-30,0,76954.0
2014-03-31,0,76922.0
2014-04-01,0,76938.0
2014-04-02,0,76938.0
2014-04-03,0,76954.0
2014-04-04,0,76938.0
2014-04-05,0,76872.0
2014-04-06,0,76791.0
2014-04-07,0,76725.0
2014-04-08,0,76627.0
2014-04-09,0,76529.0
2014-04-10,0,76430.0
2014-04-11,0,76332.0
2014-04-12,0,76217.0
2014-04-13,0,76119.0
2014-04-14,0,76055.0
2014-04-15,0,75958.0
2014-04-16,0,75861.0
2014-04-17,0,75765.0
2014-04-18,0,75700.0
2014-04-19,0,75620.0
2014-04-20,0,75523.0
2014-04-21,0,75459.0
2014-04-22,0,75346.0
2014-04-23,0,75234.0
2014-04-24,0,75137.0
2014-04-25,0,75056.0
2014-04-26,0,74992.0
2014-04-27,0,74944.0
2014-04-28,0,74879.0
2014-04-29,0,74783.0
2014-04-30,0,74718.0
2014-05-01,0,74622.0
2014-05-02,0,74493.0
2014-05-03,0,74398.0
2014-05-04,0,74302.0
2014-05-05,0,74239.0
2014-05-06,0,74127.0
2014-05-07,0,74048.0
2014-05-08,0,73968.0
2014-05-09,0,73921.0
2014-05-10,0,73809.0
2014-05-11,0,73730.0
2014-05-12,0,73666.0
2014-05-13,0,73587.0
2014-05-14,0,73491.0
2014-05-15,0,73380.0
2014-05-16,0,73269.0
2014-05-17,0,73158.0
2014-05-18,0,73062.0
2014-05-19,0,72999.0
2014-05-20,0,72903.0
2014-05-21,0,72793.0
2014-05-22,0,72698.0
2014-05-23,0,72604.0
2014-05-24,0,72541.0
2014-05-25,0,72478.0
2014-05-26,0,72446.0
2014-05-27,0,72399.0
2014-05-28,0,72336.0
2014-05-29,0,72241.0
2014-05-30,0,72131.0
2014-05-31,0,72036.0
2014-06-01,0,71942.0
2014-06-02,0,71879.0
2014-06-03,0,71800.0
2014-06-04,0,71690.0
2014-06-05,0,71579.0
2014-06-06,0,71501.0
2014-06-07,0,71406.0
2014-06-08,0,71343.0
2014-06-09,0,71265.0
2014-06-10,0,71218.0
2014-06-11,0,71156.0
2014-06-12,0,71094.0
2014-06-13,0,71016.0
2014-06-14,0,70938.0
2014-06-15,0,70876.0
2014-06-16,0,70829.0
2014-06-17,0,70735.0
2014-06-18,0,70626.0
2014-06-19,0,70502.0
2014-06-20,0,70393.0
2014-06-21,0,70377.0
2014-06-22,0,70346.0
2014-06-23,0,70284.0
2014-06-24,0,70206.0
2014-06-25,0,70112.0
2014-06-26,0,70019.0
2014-06-27,0,69941.0
2014-06-28,0,69832.0
2014-06-29,0,69739.0
2014-06-30,0,69647.0
2014-07-01,0,69555.0
2014-07-02,0,69462.0
2014-07-03,0,69401.0
2014-07-04,0,69324.0
2014-07-05,0,69263.0
2014-07-06,0,69201.0
2014-07-07,0,69109.0
2014-07-08,0,69002.0
2014-07-09,0,68894.0
2014-07-10,0,68802.0
2014-07-11,0,68710.0
2014-07-12,0,68633.0
2014-07-13,0,68541.0
2014-07-14,0,68479.0
2014-07-15,0,68433.0
2014-07-16,0,68357.0
2014-07-17,0,68280.0
2014-07-18,0,68188.0
2014-07-19,0,68097.0
2014-07-20,0,68022.0
2014-07-21,0,67946.0
2014-07-22,0,67870.0
2014-07-23,0,67794.0
2014-07-24,0,67703.0
2014-07-25,0,67582.0
2014-07-26,0,67491.0
2014-07-27,0,67415.0
2014-07-28,0,67370.0
2014-07-29,0,67294.0
2014-07-30,0,67188.0
2014-07-31,0,67082.0
2014-08-01,0,66991.0
2014-08-02,0,66900.0
2014-08-03,0,66839.0
2014-08-04,0,66778.0
2014-08-05,0,66718.0
2014-08-06,0,66628.0
2014-08-07,0,66538.0
2014-08-08,0,66493.0
2014-08-09,0,66389.0
2014-08-10,0,66344.0
2014-08-11,0,66269.0
2014-08-12,0,66179.0
2014-08-13,0,66119.0
2014-08-14,0,66014.0
2014-08-15,0,65925.0
2014-08-16,0,65820.0
2014-08-17,0,65790.0
2014-08-18,0,65715.0
2014-08-19,0,65446.0
2014-08-20,0,65088.0
2014-08-21,0,64793.0
2014-08-22,0,64674.0
2014-08-23,0,64541.0
2014-08-24,0,64408.0
2014-08-25,0,64320.0
2014-08-26,0,64201.0
2014-08-27,0,64083.0
2014-08-28,0,63994.0
2014-08-29,0,63906.0
2014-08-30,0,63832.0
2014-08-31,0,63743.0
2014-09-01,0,63671.0
2014-09-02,0,63598.0
2014-09-03,0,63510.0
2014-09-04,0,63394.0
2014-09-05,0,63291.0
2014-09-06,0,63189.0
2014-09-07,0,63087.0
2014-09-08,0,62985.0
2014-09-09,0,62883.0
2014-09-10,0,62737.0
2014-09-11,0,62621.0
2014-09-12,0,62519.0
2014-09-13,0,62417.0
2014-09-14,0,62344.0
2014-09-15,0,62300.0
2014-09-16,0,62214.0
2014-09-17,0,62128.0
2014-09-18,0,62041.0
2014-09-19,0,61969.0
2014-09-20,0,61883.0
2014-09-21,0,61797.0
2014-09-22,0,61725.0
2014-09-23,0,61682.0
2014-09-24,0,61625.0
2014-09-25,0,61553.0
2014-09-26,0,61467.0
2014-09-27,0,61366.0
2014-09-28,0,61280.0
2014-09-29,0,61194.0
2014-09-30,0,61107.0
2014-10-01,0,60992.0
2014-10-02,0,60863.0
2014-10-03,0,60735.0
2014-10-04,0,60594.0
2014-10-05,0,60452.0
2014-10-06,0,60324.0
2014-10-07,0,60225.0
2014-10-08,0,60126.0
2014-10-09,0,59998.0
2014-10-10,0,59899.0
2014-10-11,0,59800.0
2014-10-12,0,59714.0
2014-10-13,0,59629.0
2014-10-14,0,59516.0
2014-10-15,0,59403.0
2014-10-16,0,59319.0
2014-10-17,0,59207.0
2014-10-18,0,59109.0
2014-10-19,0,59025.0
2014-10-20,0,58941.0
2014-10-21,0,58829.0
2014-10-22,0,58716.0
2014-10-23,0,58618.0
2014-10-24,0,58548.0
2014-10-25,0,58422.0
2014-10-26,0,58352.0
2014-10-27,0,58268.0
2014-10-28,0,58170.0
2014-10-29,0,58086.0
2014-10-30,0,58016.0
2014-10-31,0,57933.0
2014-11-01,0,57947.0
2014-11-02,0,57933.0
2014-11-03,0,57905.0
2014-11-04,0,57864.0
2014-11-05,0,57836.0
2014-11-06,0,57822.0
2014-11-07,0,57795.0
2014-11-08,0,57781.0
2014-11-09,0,57753.0
2014-11-10,0,57739.0
2014-11-11,0,57725.0
2014-11-12,0,57698.0
2014-11-13,0,57684.0
2014-11-14,0,57684.0
2014-11-15,0,57656.0
2014-11-16,0,57642.0
2014-11-17,0,57614.0
2014-11-18,0,57600.0
2014-11-19,0,57559.0
2014-11-20,0,57503.0
2014-11-21,0,57448.0
2014-11-22,0,57406.0
2014-11-23,0,57365.0
2014-11-24,0,57351.0
2014-11-25,0,57309.0
2014-11-26,0,57282.0
2014-11-27,0,57240.0
2014-11-28,0,57199.0
2014-11-29,0,57171.0
2014-11-30,0,57143.0
2014-12-01,0,57129.0
2014-12-02,0,57143.0
2014-12-03,0,57296.0
2014-12-04,0,57282.0
2014-12-05,0,57254.0
2014-12-06,0,57226.0
2014-12-07,0,57226.0
2014-12-08,0,57199.0
2014-12-09,0,57171.0
2014-12-10,0,57143.0
2014-12-11,0,57143.0
2014-12-12,0,57503.0
2014-12-13,0,57573.0
2014-12-14,0,57559.0
2014-12-15,0,57531.0
2014-12-16,0,57545.0
2014-12-17,0,57545.0
2014-12-18,0,57517.0
2014-12-19,0,57490.0
2014-12-20,0,57476.0
2014-12-21,0,57462.0
2014-12-22,0,57448.0
2014-12-23,0,57420.0
2014-12-24,0,57379.0
2014-12-25,0,57268.0
2014-12-26,0,57282.0
2014-12-27,0,57254.0
2014-12-28,0,57240.0
2014-12-29,0,57199.0
2014-12-30,0,57171.0
2014-12-31,0,57171.0
2015-01-01,0,57115.0
2015-01-02,0,57115.0
2015-01-03,0,57060.0
2015-01-04,0,57046.0
2015-01-05,0,57018.0
2015-01-06,0,56991.0
2015-01-07,0,56991.0
2015-01-08,0,56977.0
2015-01-09,0,56963.0
2015-01-10,0,56935.0
2015-01-11,0,57005.0
2015-01-12,0,57005.0
2015-01-13,0,56977.0
2015-01-14,0,56963.0
2015-01-15,0,56921.0
2015-01-16,0,56894.0
2015-01-17,0,56866.0
2015-01-18,0,56866.0
2015-01-19,0,56880.0
2015-01-20,0,56894.0
2015-01-21,0,56907.0
2015-01-22,0,56921.0
2015-01-23,0,56921.0
2015-01-24,0,56935.0
2015-01-25,0,56921.0
2015-01-26,0,56949.0
2015-01-27,0,56963.0
2015-01-28,0,56977.0
2015-01-29,0,56991.0
2015-01-30,0,56991.0
2015-01-31,0,56977.0
2015-02-01,0,56949.0
2015-02-02,0,56935.0
2015-02-03,0,56921.0
2015-02-04,0,56907.0
2015-02-05,0,56907.0
2015-02-06,0,56907.0
2015-02-07,0,56866.0
2015-02-08,0,56935.0
2015-02-09,0,56949.0
2015-02-10,0,56949.0
2015-02-11,0,56935.0
2015-02-12,0,56935.0
2015-02-13,0,56921.0
2015-02-14,0,56921.0
2015-02-15,0,56907.0
2015-02-16,0,56907.0
2015-02-17,0,56907.0
2015-02-18,0,56921.0
2015-02-19,0,56894.0
2015-02-20,0,56907.0
2015-02-21,0,56907.0
2015-02-22,0,56894.0
2015-02-23,0,56907.0
2015-02-24,0,56880.0
2015-02-25,0,56880.0
2015-02-26,0,56880.0
2015-02-27,0,56880.0
2015-02-28,0,56852.0
2015-03-01,0,56866.0
2015-03-02,0,56852.0
2015-03-03,0,56852.0
2015-03-04,0,56894.0
2015-03-05,0,56907.0
2015-03-06,0,56907.0
2015-03-07,0,56935.0
2015-03-08,0,56921.0
2015-03-09,0,56935.0
2015-03-10,0,56935.0
2015-03-11,0,56921.0
2015-03-12,0,56921.0
2015-03-13,0,56921.0
2015-03-14,0,56894.0
2015-03-15,0,56880.0
2015-03-16,0,56852.0
2015-03-17,0,56852.0
2015-03-18,0,56824.0
2015-03-19,0,56797.0
2015-03-20,0,56783.0
2015-03-21,0,56783.0
2015-03-22,0,56713.0
2015-03-23,0,56713.0
2015-03-24,0,56700.0
2015-03-25,0,56686.0
2015-03-26,0,56603.0
2015-03-27,0,56548.0
2015-03-28,0,56466.0
2015-03-29,0,56411.0
2015-03-30,0,56356.0
2015-03-31,0,56288.0
2015-04-01,0,54095.0
2015-04-02,0,54054.0
2015-04-03,0,53999.0
2015-04-04,0,53959.0
2015-04-05,0,53945.0
2015-04-06,0,53918.0
2015-04-07,0,53878.0
2015-04-08,0,53878.0
2015-04-09,0,53865.0
2015-04-10,0,53865.0
2015-04-11,0,53851.0
2015-04-12,0,53838.0
2015-04-13,0,53825.0
2015-04-14,0,53771.0
2015-04-15,0,53758.0
2015-04-16,0,53744.0
2015-04-17,0,53704.0
2015-04-18,0,53637.0
2015-04-19,0,53583.0
2015-04-20,0,53543.0
2015-04-21,0,53503.0
2015-04-22,0,53490.0
2015-04-23,0,53476.0
2015-04-24,0,53436.0
2015-04-25,0,53382.0
2015-04-26,0,53369.0
2015-04-27,0,53329.0
2015-04-28,0,53235.0
2015-04-29,0,53181.0
2015-04-30,0,53088.0
2015-05-01,0,52980.0
2015-05-02,0,52887.0
2015-05-03,0,52806.0
2015-05-04,0,52739.0
2015-05-05,0,52645.0
2015-05-06,0,52579.0
2015-05-07,0,52513.0
2015-05-08,0,52474.0
2015-05-09,0,52447.0
2015-05-10,0,52395.0
2015-05-11,0,52355.0
2015-05-12,0,52315.0
2015-05-13,0,52263.0
2015-05-14,0,52210.0
2015-05-15,0,52157.0
2015-05-16,0,52131.0
2015-05-17,0,52117.0
2015-05-18,0,52104.0
2015-05-19,0,52065.0
2015-05-20,0,52025.0
2015-05-21,0,51959.0
2015-05-22,0,51893.0
2015-05-23,0,51853.0
2015-05-24,0,51787.0
2015-05-25,0,51748.0
2015-05-26,0,51708.0
2015-05-27,0,51655.0
2015-05-28,0,51603.0
2015-05-29,0,51550.0
2015-05-30,0,51497.0
2015-05-31,0,51444.0
2015-06-01,0,51391.0
2015-06-02,0,51312.0
2015-06-03,0,51234.0
2015-06-04,0,51156.0
2015-06-05,0,51091.0
2015-06-06,0,51013.0
2015-06-07,0,50961.0
2015-06-08,0,50896.0
2015-06-09,0,50844.0
2015-06-10,0,50870.0
2015-06-11,0,50804.0
2015-06-12,0,50752.0
2015-06-13,0,50726.0
2015-06-14,0,50674.0
2015-06-15,0,50622.0
2015-06-16,0,50583.0
2015-06-17,0,50557.0
2015-06-18,0,50518.0
2015-06-19,0,50466.0
2015-06-20,0,50401.0
2015-06-21,0,50336.0
2015-06-22,0,50270.0
2015-06-23,0,50218.0
2015-06-24,0,50140.0
2015-06-25,0,50049.0
2015-06-26,0,49972.0
2015-06-27,0,49882.0
2015-06-28,0,49818.0
2015-06-29,0,49766.0
2015-06-30,0,49689.0
2015-07-01,0,49599.0
2015-07-02,0,49548.0
2015-07-03,0,49458.0
2015-07-04,0,49368.0
2015-07-05,0,49291.0
2015-07-06,0,49239.0
2015-07-07,0,49201.0
2015-07-08,0,49150.0
2015-07-09,0,49085.0
2015-07-10,0,49008.0
2015-07-11,0,48931.0
2015-07-12,0,48880.0
2015-07-13,0,48803.0
2015-07-14,0,48738.0
2015-07-15,0,48650.0
2015-07-16,0,48574.0
2015-07-17,0,48498.0
2015-07-18,0,48410.0
2015-07-19,0,48347.0
2015-07-20,0,48309.0
2015-07-21,0,48258.0
2015-07-22,0,48220.0
2015-07-23,0,48145.0
2015-07-24,0,48044.0
2015-07-25,0,47968.0
2015-07-26,0,47879.0
2015-07-27,0,47816.0
2015-07-28,0,47753.0
2015-07-29,0,47677.0
2015-07-30,0,47601.0
2015-07-31,0,47526.0
2015-08-01,0,47438.0
2015-08-02,0,47351.0
2015-08-03,0,47252.0
2015-08-04,0,46917.0
2015-08-05,0,46533.0
2015-08-06,0,46150.0
2015-08-07,0,45774.0
2015-08-08,0,45397.0
2015-08-09,0,45033.0
2015-08-10,0,44676.0
2015-08-11,0,44283.0
2015-08-12,0,43915.0
2015-08-13,0,43540.0
2015-08-14,0,43155.0
2015-08-15,0,42781.0
2015-08-16,0,42411.0
2015-08-17,0,42043.0
2015-08-18,0,41709.0
2015-08-20,0,41013.0
2015-08-21,0,40740.0
2015-08-22,0,40524.0
2015-08-23,0,40219.0
2015-08-24,0,39905.0
2015-08-25,0,39579.0
2015-08-26,0,39243.0
2015-08-27,0,38912.0
2015-08-28,0,38647.0
2015-08-29,0,38437.0
2015-08-30,0,38228.0
2015-08-31,0,38010.0
2015-09-01,0,37793.0
2015-09-02,0,37544.0
2015-09-03,0,37306.0
2015-09-05,0,36855.0
2015-09-06,0,36642.0
2015-09-07,0,36451.0
2015-09-08,0,36238.0
2015-09-09,0,36047.0
2015-09-10,0,35838.0
2015-09-11,0,35671.0
2015-09-12,0,35484.0
2015-09-13,0,35286.0
2015-09-14,0,35088.0
2015-09-15,0,34912.0
2015-09-16,0,34719.0
2015-09-17,0,34535.0
2015-09-18,0,34352.0
2015-09-19,0,34169.0
2015-09-20,0,33996.0
2015-09-21,0,33816.0
2015-09-22,0,33676.0
2015-09-23,0,33557.0
2015-09-24,0,33447.0
2015-09-25,0,33367.0
2015-09-26,0,33288.0
2015-09-27,0,33218.0
2015-09-28,0,33138.0
2015-09-29,0,33069.0
2015-09-30,0,32989.0
2015-10-01,0,32900.0
2015-10-02,0,32822.0
2015-10-03,0,32744.0
2015-10-04,0,32666.0
2015-10-05,0,32607.0
2015-10-06,0,32548.0
2015-10-07,0,32499.0
2015-10-08,0,32441.0
2015-10-09,0,32382.0
2015-10-10,0,32333.0
2015-10-11,0,32274.0
2015-10-12,0,32225.0
2015-10-13,0,32176.0
2015-10-14,0,32128.0
2015-10-15,0,32088.0
2015-10-16,0,32030.0
2015-10-17,0,31981.0
2015-10-18,0,31923.0
2015-10-19,0,31865.0
2015-10-20,0,31817.0
2015-10-21,0,31769.0
2015-10-22,0,31673.0
2015-10-23,0,31606.0
2015-10-24,0,31539.0
2015-10-25,0,31481.0
2015-10-26,0,31424.0
2015-10-27,0,31366.0
2015-10-28,0,31299.0
2015-10-29,0,31222.0
2015-10-30,0,31126.0
2015-10-31,0,31030.0
2015-11-02,0,30889.0
2015-11-03,0,30851.0
2015-11-04,0,30804.0
2015-11-05,0,30757.0
2015-11-06,0,30710.0
2015-11-07,0,30673.0
2015-11-08,0,30626.0
2015-11-09,0,30579.0
2015-11-10,0,30522.0
2015-11-11,0,30485.0
2015-11-12,0,30419.0
2015-11-13,0,30353.0
2015-11-14,0,30287.0
2015-11-15,0,30222.0
2015-11-16,0,30165.0
2015-11-17,0,30099.0
2015-11-18,0,30025.0
2015-11-19,0,29989.0
2015-11-20,0,29952.0
2015-11-21,0,29888.0
2015-11-22,0,29824.0
2015-11-23,0,29796.0
2015-11-24,0,29760.0
2015-11-25,0,29750.0
2015-11-26,0,29705.0
2015-11-27,0,29659.0
2015-11-28,0,29613.0
2015-11-29,0,29558.0
2015-11-30,0,29521.0
2015-12-01,0,29475.0
2015-12-02,0,29430.0
2015-12-03,0,29384.0
2015-12-04,0,29347.0
2015-12-05,0,29301.0
2015-12-06,0,29265.0
2015-12-07,0,29219.0
2015-12-08,0,29182.0
2015-12-09,0,29128.0
2015-12-10,0,29065.0
2015-12-11,0,29029.0
2015-12-12,0,28921.0
2015-12-13,0,28921.0
2015-12-14,0,28885.0
2015-12-15,0,28822.0
2015-12-16,0,28777.0
2015-12-17,0,28732.0
2015-12-18,0,28714.0
2015-12-19,0,28669.0
2015-12-20,0,28651.0
2015-12-21,0,28615.0
2015-12-22,0,28615.0
2015-12-23,0,28579.0
2015-12-24,0,28570.0
2015-12-25,0,28534.0
2015-12-26,0,28507.0
2015-12-27,0,28471.0
2015-12-28,0,28444.0
2015-12-29,0,28417.0
2015-12-30,0,28381.0
2015-12-31,0,28346.0
2016-01-01,0,28301.0
2016-01-02,0,28247.0
2016-01-03,0,28220.0
2016-01-04,0,28176.0
2016-01-05,0,28256.0
2016-01-06,0,28274.0
2016-01-07,0,28310.0
2016-01-08,0,28310.0
2016-01-09,0,28292.0
2016-01-10,0,28310.0
2016-01-11,0,28328.0
2016-01-12,0,28355.0
2016-01-13,0,28363.0
2016-01-14,0,28390.0
2016-01-15,0,28417.0
2016-01-16,0,28417.0
2016-01-17,0,28444.0
2016-01-18,0,28462.0
2016-01-19,0,28471.0
2016-01-20,0,28552.0
2016-01-21,0,28570.0
2016-01-22,0,28597.0
2016-01-23,0,28624.0
2016-01-24,0,28651.0
2016-01-25,0,28651.0
2016-01-26,0,28651.0
2016-01-27,0,28651.0
2016-01-28,0,28642.0
2016-01-29,0,28633.0
2016-01-30,0,28615.0
2016-01-31,0,28624.0
2016-02-01,0,28705.0
2016-02-02,0,28696.0
2016-02-03,0,28714.0
2016-02-04,0,28696.0
2016-02-05,0,28714.0
2016-02-06,0,28723.0
2016-02-07,0,28750.0
2016-02-08,0,28777.0
2016-02-09,0,28759.0
2016-02-10,0,28759.0
2016-02-11,0,28786.0
2016-02-12,0,28786.0
2016-02-13,0,28786.0
2016-02-14,0,28786.0
2016-02-16,0,28795.0
2016-02-17,0,28777.0
2016-02-18,0,28786.0
2016-02-19,0,28759.0
2016-02-20,0,28741.0
2016-02-21,0,28723.0
2016-02-22,0,28723.0
2016-02-23,0,28687.0
2016-02-24,0,28651.0
2016-02-25,0,28642.0
2016-02-26,0,28642.0
2016-02-27,0,28633.0
2016-02-28,0,28606.0
2016-02-29,0,28579.0
2016-03-01,0,28570.0
2016-03-02,0,28561.0
2016-03-03,0,28543.0
2016-03-04,0,28534.0
2016-03-07,0,28660.0
2016-03-08,0,28714.0
2016-03-09,0,28723.0
2016-03-10,0,28714.0
2016-03-11,0,28723.0
2016-03-12,0,28804.0
2016-03-13,0,28813.0
2016-03-14,0,28822.0
2016-03-15,0,28840.0
2016-03-16,0,28840.0
2016-03-17,0,28849.0
2016-03-18,0,28840.0
2016-03-19,0,28849.0
2016-03-20,0,28858.0
2016-03-21,0,28858.0
2016-03-22,0,28849.0
2016-03-23,0,28831.0
2016-03-24,0,28822.0
2016-03-25,0,28840.0
2016-03-26,0,28804.0
2016-03-27,0,28777.0
2016-03-28,0,28795.0
2016-03-29,0,28795.0
2016-03-30,0,28777.0
2016-03-31,0,28777.0
2016-04-01,0,28750.0
2016-04-02,0,28732.0
2016-04-03,0,28714.0
2016-04-04,0,28696.0
2016-04-05,0,28651.0
2016-04-06,0,28642.0
2016-04-07,0,28633.0
2016-04-08,0,28642.0
2016-04-09,0,28651.0
2016-04-10,0,28669.0
2016-04-11,0,28705.0
2016-04-12,0,28714.0
2016-04-13,0,28723.0
2016-04-14,0,28723.0
2016-04-15,0,28714.0
2016-04-16,0,28723.0
2016-04-17,0,28732.0
2016-04-18,0,28723.0
2016-04-19,0,28696.0
2016-04-20,0,28669.0
2016-04-21,0,28642.0
2016-04-22,0,28588.0
2016-04-23,0,28561.0
2016-04-24,0,28534.0
2016-04-25,0,28507.0
2016-04-26,0,28498.0
2016-04-27,0,28471.0
2016-04-28,0,28444.0
2016-04-29,0,28426.0
2016-04-30,0,28399.0
2016-05-01,0,28372.0
2016-05-02,0,28363.0
2016-05-03,0,28355.0
2016-05-04,0,28346.0
2016-05-05,0,28328.0
2016-05-06,0,28319.0
2016-05-07,0,28355.0
2016-05-08,0,28355.0
2016-05-09,0,28346.0
2016-05-10,0,28337.0
2016-05-11,0,28337.0
2016-05-12,0,28337.0
2016-05-13,0,28337.0
2016-05-14,0,28319.0
2016-05-15,0,28292.0
2016-05-16,0,28283.0
2016-05-17,0,28274.0
2016-05-18,0,28256.0
2016-05-19,0,28229.0
2016-05-20,0,28203.0
2016-05-21,0,28176.0
2016-05-22,0,28158.0
2016-05-23,0,28150.0
2016-05-24,0,28141.0
2016-05-25,0,28123.0
2016-05-26,0,28105.0
2016-05-27,0,28070.0
2016-05-28,0,28026.0
2016-05-29,0,27999.0
2016-05-30,0,27990.0
2016-05-31,0,27990.0
2016-06-01,0,27973.0
2016-06-02,0,27955.0
2016-06-03,0,27902.0
2016-06-04,0,27867.0
2016-06-05,0,27849.0
2016-06-06,0,27840.0
2016-06-07,0,27831.0
2016-06-08,0,27805.0
2016-06-09,0,27769.0
2016-06-10,0,27743.0
2016-06-11,0,27707.0
2016-06-12,0,27690.0
2016-06-13,0,27681.0
2016-06-14,0,27654.0
2016-06-15,0,27610.0
2016-06-16,0,27566.0
2016-06-17,0,27531.0
2016-06-18,0,27478.0
2016-06-19,0,27460.0
2016-06-20,0,27451.0
2016-06-21,0,27407.0
2016-06-22,0,27372.0
2016-06-23,0,27337.0
2016-06-24,0,27302.0
2016-06-25,0,27276.0
2016-06-26,0,27250.0
2016-06-27,0,27232.0
2016-06-28,0,27198.0
2016-06-29,0,27154.0
2016-06-30,0,27154.0
2016-07-01,0,27128.0
2016-07-02,0,27111.0
2016-07-03,0,27085.0
2016-07-04,0,27067.0
2016-07-05,0,27041.0
2016-07-06,0,27015.0
2016-07-07,0,26971.0
2016-07-08,0,26954.0
2016-07-09,0,26928.0
2016-07-10,0,26902.0
2016-07-11,0,26884.0
2016-07-12,0,26841.0
2016-07-13,0,26537.0
2016-07-14,0,26193.0
2016-07-15,0,25859.0
2016-07-16,0,25493.0
2016-07-17,0,25120.0
2016-07-18,0,24749.0
2016-07-19,0,24381.0
2016-07-20,0,24005.0
2016-07-21,0,23633.0
2016-07-22,0,23270.0
2016-07-24,0,22518.0
2016-07-25,0,22152.0
2016-07-26,0,21781.0
2016-07-27,0,21451.0
2016-07-28,0,21156.0
2016-07-29,0,20853.0
2016-07-30,0,20559.0
2016-07-31,0,20268.0
2016-08-01,0,19976.0
2016-08-02,0,19648.0
2016-08-03,0,19329.0
2016-08-04,0,19020.0
2016-08-05,0,18728.0
2016-08-06,0,18490.0
2016-08-07,0,18292.0
2016-08-08,0,18104.0
2016-08-09,0,17915.0
2016-08-10,0,17735.0
2016-08-11,0,17548.0
2016-08-12,0,17387.0
2016-08-13,0,17219.0
2016-08-14,0,17065.0
2016-08-15,0,16896.0
2016-08-16,0,16733.0
2016-08-17,0,16563.0
2016-08-18,0,16408.0
2016-08-19,0,16230.0
2016-08-20,0,16057.0
2016-08-21,0,15906.0
2016-08-22,0,15768.0
2016-08-23,0,15637.0
2016-08-24,0,15486.0
2016-08-26,0,15159.0
2016-08-27,0,14998.0
2016-08-28,0,14831.0
2016-08-29,0,15339.0
2016-08-30,0,14649.0
2016-08-31,0,14630.0
2016-09-01,0,14617.0
2016-09-02,0,14598.0
2016-09-03,0,14572.0
2016-09-04,0,14559.0
2016-09-06,0,14546.0
2016-09-07,0,14546.0
2016-09-08,0,14526.0
2016-09-09,0,14513.0
2016-09-10,0,14500.0
2016-09-11,0,14481.0
2016-09-12,0,14468.0
2016-09-13,0,14462.0
2016-09-14,0,14468.0
2016-09-15,0,14468.0
2016-09-16,0,14462.0
2016-09-17,0,14455.0
2016-09-18,0,14455.0
2016-09-19,0,14449.0
2016-09-20,0,14449.0
2016-09-21,0,14442.0
2016-09-23,0,14416.0
2016-09-24,0,14384.0
2016-09-25,0,14371.0
2016-09-26,0,14345.0
2016-09-27,0,14332.0
2016-09-28,0,14293.0
2016-09-29,0,14254.0
2016-09-30,0,14222.0
2016-10-01,0,14202.0
2016-10-03,0,14177.0
2016-10-04,0,14164.0
2016-10-06,0,14145.0
2016-10-07,0,14133.0
2016-10-08,0,14120.0
2016-10-09,0,14114.0
2016-10-10,0,14101.0
2016-10-11,0,14095.0
2016-10-12,0,14070.0
2016-10-13,0,14070.0
2016-10-14,0,14057.0
2016-10-15,0,14057.0
2016-10-16,0,14089.0
2016-10-17,0,14101.0
2016-10-18,0,14107.0
2016-10-19,0,14114.0
2016-10-20,0,14107.0
2016-10-21,0,14101.0
2016-10-22,0,14089.0
2016-10-23,0,14070.0
2016-10-24,0,14076.0
2016-10-25,0,14089.0
2016-10-26,0,14095.0
2016-10-27,0,14101.0
2016-10-28,0,14158.0
2016-10-30,0,14202.0
2016-11-01,0,14267.0
2016-11-02,0,14287.0
2016-11-03,0,14299.0
2016-11-04,0,14325.0
2016-11-05,0,14345.0
2016-11-06,0,14371.0
2016-11-07,0,14384.0
2016-11-08,0,14384.0
2016-11-09,0,14371.0
2016-11-10,0,14390.0
2016-11-11,0,14397.0
2016-11-12,0,14403.0
2016-11-13,0,14403.0
2016-11-14,0,14403.0
2016-11-15,0,14403.0
2016-11-16,0,14410.0
2016-11-17,0,14410.0
2016-11-18,0,14410.0
2016-11-19,0,14423.0
2016-11-20,0,14410.0
2016-11-21,0,14455.0
2016-11-22,0,14474.0
2016-11-23,0,14507.0
2016-11-24,0,14520.0
2016-11-25,0,14546.0
2016-11-26,0,14572.0
2016-11-27,0,14637.0
2016-11-28,0,14675.0
2016-11-29,0,14695.0
2016-11-30,0,14727.0
2016-12-01,0,14766.0
2016-12-02,0,14792.0
2016-12-03,0,14838.0
2016-12-04,0,14871.0
2016-12-05,0,14904.0
2016-12-06,0,14931.0
2016-12-07,0,14965.0
2016-12-08,0,14991.0
2016-12-09,0,15032.0
2016-12-10,0,15072.0
2016-12-11,0,15105.0
2016-12-12,0,15132.0
2016-12-13,0,15172.0
2016-12-14,0,15205.0
2016-12-15,0,15239.0
2016-12-16,0,15299.0
2016-12-17,0,15339.0
2016-12-19,0,15393.0
2016-12-20,0,15413.0
2016-12-21,0,15446.0
2016-12-22,0,15473.0
2016-12-23,0,15520.0
2016-12-24,0,15617.0
2016-12-25,0,15651.0
2016-12-26,0,15679.0
2016-12-27,0,15706.0
2016-12-28,0,15747.0
2016-12-29,0,15789.0
2016-12-30,0,15830.0
2016-12-31,0,15858.0
2017-01-01,0,15906.0
2017-01-02,0,15947.0
2017-01-03,0,15981.0
2017-01-04,0,16016.0
2017-01-05,0,16078.0
2017-01-06,0,16126.0
2017-01-07,0,16195.0
2017-01-08,0,16266.0
2017-01-09,0,16386.0
2017-01-10,0,16606.0
2017-01-11,0,16762.0
2017-01-12,0,17146.0
2017-01-13,0,17387.0
2017-01-14,0,17541.0
2017-01-15,0,17629.0
2017-01-16,0,17712.0
2017-01-17,0,17765.0
2017-01-18,0,17795.0
2017-01-19,0,17900.0
2017-01-20,0,18036.0
2017-01-21,0,19150.0
2017-01-22,0,19368.0
2017-01-24,0,22290.0
2017-01-25,0,22942.0
2017-01-26,0,23501.0
2017-01-27,0,23873.0
2017-01-28,0,24198.0
2017-01-29,0,24456.0
2017-01-30,0,24674.0
2017-01-31,0,24867.0
2017-02-01,0,25036.0
2017-02-02,0,25171.0
2017-02-03,0,25315.0
2017-02-04,0,25628.0
2017-02-05,0,25919.0
2017-02-06,0,26253.0
2017-02-07,0,27814.0
2017-02-08,0,29083.0
2017-02-09,0,29943.0
2017-02-10,0,30522.0
2017-02-11,0,31395.0
2017-02-12,0,32323.0
